Debtor,Age at enrollment,Curricular units 1st sem (approved),Curricular units 2nd sem (enrolled),Curricular units 1st sem (enrolled),Curricular units 2nd sem (approved),Target
0,20,0,0,0,0,Dropout
0,19,6,6,6,6,Graduate
0,19,0,6,6,0,Dropout
0,20,6,6,6,5,Graduate
0,45,5,6,6,6,Graduate
1,50,5,5,5,5,Graduate
0,18,7,8,7,8,Graduate
0,22,0,5,5,0,Dropout
0,21,6,6,6,6,Graduate
1,18,5,6,6,2,Dropout
0,18,6,6,6,5,Graduate
0,18,7,8,8,7,Graduate
0,19,0,6,6,0,Dropout
0,21,6,6,6,5,Graduate
0,18,4,5,5,5,Graduate
0,20,5,6,6,0,Dropout
0,18,1,6,6,2,Enrolled
0,18,7,8,7,8,Graduate
0,20,4,5,5,4,Graduate
0,18,6,7,7,6,Enrolled
0,21,0,0,0,0,Graduate
0,20,7,8,7,8,Enrolled
0,18,7,8,8,7,Graduate
0,19,6,6,6,6,Graduate
0,19,6,8,7,7,Graduate
1,18,5,6,6,4,Enrolled
0,21,6,6,6,6,Graduate
0,18,5,5,5,4,Enrolled
0,20,5,5,5,5,Graduate
0,19,6,7,7,6,Enrolled
0,21,5,6,6,5,Enrolled
0,20,6,6,6,4,Graduate
0,18,3,5,5,2,Enrolled
0,19,6,6,6,6,Graduate
0,34,5,5,5,5,Graduate
1,37,0,7,7,1,Dropout
0,43,0,5,5,0,Dropout
0,55,1,5,5,2,Dropout
0,39,5,5,5,5,Graduate
1,20,3,6,6,3,Dropout
1,18,4,5,6,0,Dropout
0,22,5,5,5,5,Graduate
0,22,5,8,7,7,Graduate
0,20,4,6,6,5,Dropout
0,29,0,5,5,0,Dropout
0,24,2,5,5,3,Enrolled
0,18,6,6,6,5,Graduate
0,22,6,8,7,7,Graduate
0,21,6,6,6,6,Graduate
0,19,5,6,6,6,Graduate
0,24,6,6,6,6,Graduate
0,19,6,8,8,6,Enrolled
0,20,4,6,6,3,Enrolled
0,19,5,5,5,5,Graduate
0,27,5,5,5,5,Dropout
0,18,7,8,7,8,Graduate
0,39,0,6,6,0,Dropout
0,27,5,11,6,10,Dropout
0,18,8,8,8,8,Graduate
0,18,0,0,0,0,Enrolled
0,18,6,8,7,7,Graduate
0,21,6,6,6,6,Graduate
0,19,0,0,0,0,Enrolled
0,19,5,6,6,1,Enrolled
0,24,0,6,6,0,Enrolled
0,29,5,8,7,5,Dropout
0,19,0,0,0,0,Graduate
0,23,6,6,6,6,Graduate
1,19,5,5,5,4,Dropout
0,26,6,6,6,5,Enrolled
0,18,0,5,5,0,Enrolled
0,24,7,8,7,8,Graduate
0,19,0,0,0,0,Dropout
0,18,3,6,6,1,Dropout
0,18,6,6,6,3,Graduate
1,18,3,5,5,3,Dropout
0,21,4,6,6,1,Dropout
1,19,6,6,6,6,Graduate
0,22,7,8,7,8,Graduate
0,33,6,6,6,6,Graduate
0,20,5,6,6,5,Dropout
0,35,0,5,1,0,Dropout
1,24,6,12,12,10,Dropout
0,18,5,5,5,3,Enrolled
0,33,6,6,6,5,Graduate
0,22,7,8,8,7,Graduate
0,25,4,5,5,5,Graduate
0,20,6,6,6,5,Graduate
0,23,4,5,5,5,Enrolled
1,18,2,5,5,0,Enrolled
0,24,0,7,7,0,Dropout
0,21,6,6,6,6,Graduate
0,26,2,6,6,0,Dropout
0,39,3,6,6,0,Dropout
0,44,8,6,8,6,Graduate
0,19,5,5,5,3,Enrolled
0,18,6,6,6,6,Graduate
0,18,7,8,7,8,Graduate
0,19,5,5,5,5,Enrolled
1,19,4,7,7,0,Dropout
0,21,8,9,10,5,Dropout
0,20,0,0,0,0,Graduate
0,36,0,6,6,0,Dropout
0,43,18,13,18,13,Graduate
0,19,0,6,6,0,Dropout
1,20,10,11,10,11,Graduate
0,19,0,6,6,0,Dropout
0,20,4,6,6,4,Dropout
0,20,6,7,7,5,Dropout
0,20,6,7,7,3,Enrolled
0,18,6,6,6,6,Graduate
0,18,3,5,5,3,Enrolled
0,19,5,5,5,5,Graduate
0,18,6,6,6,6,Graduate
0,18,6,7,7,6,Dropout
0,20,6,7,7,7,Enrolled
0,20,2,6,6,4,Enrolled
0,20,3,5,5,3,Enrolled
0,18,5,5,5,5,Graduate
0,18,5,5,5,5,Graduate
0,21,3,6,6,2,Dropout
0,19,5,5,5,4,Graduate
0,19,0,0,0,0,Dropout
0,19,5,5,5,5,Graduate
0,19,6,6,6,6,Graduate
0,19,5,7,7,0,Dropout
0,20,6,6,6,5,Graduate
0,18,5,6,6,5,Enrolled
0,18,6,6,6,6,Graduate
0,19,7,8,7,8,Graduate
0,18,7,8,7,7,Dropout
0,18,6,6,6,6,Graduate
0,19,5,5,5,5,Graduate
0,19,5,7,7,0,Dropout
0,20,9,7,9,7,Graduate
1,19,5,6,6,4,Dropout
0,20,4,5,5,4,Graduate
1,18,6,6,6,6,Graduate
0,20,5,8,7,7,Enrolled
0,18,7,8,7,8,Graduate
0,19,6,7,7,6,Graduate
0,19,6,6,6,5,Graduate
1,22,0,5,5,0,Enrolled
0,19,6,6,6,6,Graduate
0,19,7,8,7,8,Graduate
0,19,5,6,6,5,Graduate
0,19,0,5,5,0,Dropout
0,20,5,6,6,3,Dropout
0,18,5,5,5,5,Graduate
0,20,6,8,7,7,Graduate
0,18,0,0,0,0,Enrolled
0,19,5,5,5,5,Graduate
0,18,3,6,6,5,Enrolled
0,18,6,6,6,5,Graduate
0,21,3,6,6,3,Dropout
0,19,6,6,6,4,Dropout
0,18,5,5,5,5,Graduate
0,18,6,6,6,6,Graduate
0,20,4,6,6,6,Graduate
0,24,5,6,6,5,Graduate
0,19,6,6,6,6,Dropout
0,18,7,8,7,7,Graduate
0,18,7,8,7,8,Graduate
0,21,4,6,6,3,Dropout
0,19,5,5,5,5,Graduate
0,19,6,6,6,6,Graduate
1,47,0,6,1,0,Enrolled
0,19,5,6,6,4,Graduate
0,29,7,8,8,7,Graduate
0,21,3,6,6,2,Dropout
0,28,4,5,5,4,Enrolled
0,20,7,8,7,8,Graduate
0,19,6,7,7,6,Graduate
0,26,3,6,6,5,Graduate
1,20,4,6,6,6,Dropout
0,18,3,5,5,4,Enrolled
0,27,5,6,6,5,Graduate
0,20,4,7,7,4,Dropout
0,18,5,6,6,5,Dropout
0,33,6,8,7,6,Dropout
0,35,21,19,21,19,Graduate
0,26,6,6,6,6,Enrolled
1,27,5,6,6,0,Dropout
0,19,6,6,6,0,Dropout
0,20,0,6,6,0,Dropout
1,20,3,5,5,3,Dropout
1,21,8,6,10,4,Enrolled
0,18,6,7,7,6,Graduate
0,24,2,6,6,0,Dropout
0,20,6,6,6,6,Graduate
0,21,6,6,6,6,Graduate
0,23,2,5,6,1,Enrolled
0,24,0,5,5,0,Dropout
0,21,0,6,6,0,Dropout
0,18,7,8,8,7,Graduate
0,27,0,5,5,0,Dropout
0,18,8,8,8,8,Graduate
0,35,0,5,5,0,Dropout
0,18,7,7,7,7,Graduate
0,35,3,3,3,3,Enrolled
0,19,4,5,5,4,Graduate
0,20,6,6,6,6,Graduate
0,18,7,8,8,7,Graduate
1,21,6,6,6,6,Graduate
0,18,5,6,6,4,Graduate
0,18,4,6,6,4,Graduate
0,18,7,8,8,7,Graduate
0,18,6,6,6,6,Graduate
0,19,6,6,6,5,Graduate
0,36,6,6,6,5,Dropout
0,18,7,8,8,7,Graduate
0,18,6,7,7,6,Graduate
0,20,6,6,6,6,Graduate
0,26,0,5,5,0,Dropout
0,21,6,6,6,6,Graduate
0,25,6,8,7,8,Enrolled
0,19,5,5,5,5,Graduate
0,24,1,6,6,0,Dropout
0,27,1,6,6,0,Dropout
0,21,0,5,5,2,Dropout
0,18,4,5,5,3,Graduate
0,19,6,6,6,6,Graduate
0,18,4,6,6,2,Dropout
0,19,5,8,7,7,Graduate
0,19,6,8,7,7,Graduate
0,33,6,5,6,5,Graduate
0,45,5,5,5,5,Graduate
0,20,6,6,6,6,Graduate
0,28,0,5,5,0,Dropout
0,19,7,8,8,7,Graduate
0,18,6,6,6,3,Graduate
0,38,0,6,6,0,Dropout
0,19,5,5,5,5,Graduate
0,21,5,6,6,5,Graduate
0,21,3,5,5,1,Dropout
0,22,5,6,6,6,Graduate
0,18,5,6,6,6,Graduate
0,18,6,6,6,6,Graduate
0,25,4,5,5,4,Dropout
1,24,3,6,6,3,Dropout
0,19,6,7,7,7,Enrolled
0,24,11,13,17,9,Enrolled
0,20,5,5,5,5,Graduate
0,25,0,5,5,0,Dropout
0,20,9,10,10,10,Graduate
0,23,8,8,8,8,Graduate
0,19,7,8,8,7,Graduate
1,29,3,6,6,3,Dropout
0,21,6,6,6,4,Graduate
0,18,6,6,6,5,Graduate
0,19,5,6,6,5,Enrolled
0,18,6,6,6,6,Dropout
0,19,5,5,5,5,Graduate
0,18,1,6,6,0,Enrolled
0,18,5,5,5,5,Graduate
1,37,1,7,7,0,Dropout
0,29,5,5,5,5,Graduate
0,18,6,6,6,6,Enrolled
0,19,5,6,6,5,Graduate
1,22,6,7,10,2,Dropout
0,20,6,6,6,5,Graduate
0,34,0,6,6,0,Dropout
1,30,8,12,12,6,Dropout
0,18,6,6,6,6,Graduate
0,18,6,6,6,6,Graduate
0,18,4,6,6,3,Graduate
0,18,7,8,8,7,Graduate
0,19,5,6,6,5,Graduate
0,19,6,6,6,6,Graduate
0,18,7,8,8,7,Graduate
0,21,6,6,6,5,Graduate
0,20,2,5,5,1,Dropout
0,20,5,5,5,5,Graduate
0,19,7,8,7,8,Graduate
0,20,6,6,6,6,Graduate
0,18,7,8,7,8,Graduate
0,20,5,6,6,3,Dropout
1,29,7,7,9,5,Dropout
0,18,7,8,7,8,Enrolled
0,20,7,8,7,7,Graduate
0,22,4,5,5,4,Graduate
0,47,5,6,6,6,Graduate
0,31,5,5,5,5,Graduate
0,21,5,6,6,6,Graduate
0,21,5,6,6,6,Graduate
0,24,6,6,6,6,Graduate
0,18,6,6,6,6,Enrolled
0,32,4,6,6,4,Graduate
0,19,6,6,6,6,Graduate
0,24,8,8,8,8,Graduate
0,19,6,6,6,6,Graduate
1,19,6,6,6,6,Graduate
0,24,6,6,6,5,Enrolled
0,18,6,6,6,6,Graduate
0,19,5,6,6,2,Dropout
0,19,7,8,8,7,Graduate
0,18,6,6,6,6,Graduate
0,18,6,6,6,6,Graduate
0,20,7,8,7,8,Graduate
0,18,8,8,8,8,Graduate
0,18,6,6,6,6,Graduate
0,21,4,5,5,5,Graduate
0,18,7,8,7,8,Graduate
1,18,2,5,5,4,Dropout
0,19,0,6,6,0,Dropout
0,19,4,6,6,4,Enrolled
0,18,6,6,6,4,Graduate
0,34,1,5,5,0,Dropout
0,19,5,5,5,5,Graduate
1,19,5,6,6,2,Dropout
1,26,6,6,6,6,Graduate
0,21,3,6,6,3,Dropout
0,18,5,5,5,5,Graduate
0,20,5,6,6,5,Graduate
0,25,2,5,5,0,Dropout
0,18,5,5,5,5,Graduate
0,18,7,8,7,8,Graduate
0,19,7,8,7,8,Graduate
0,18,6,6,6,6,Graduate
0,20,6,8,7,6,Enrolled
1,26,0,6,3,0,Dropout
0,19,7,8,8,7,Graduate
0,19,7,8,7,8,Graduate
0,19,5,10,10,8,Graduate
0,19,3,5,5,3,Enrolled
0,18,6,6,6,3,Graduate
0,19,6,7,7,6,Graduate
1,18,6,6,6,5,Graduate
0,18,5,6,6,5,Enrolled
0,18,5,5,5,5,Enrolled
0,18,5,7,7,6,Enrolled
1,26,0,5,5,0,Dropout
0,20,6,6,6,6,Graduate
0,19,6,6,6,6,Graduate
0,18,6,6,6,6,Graduate
0,19,6,6,6,6,Graduate
1,40,7,7,7,7,Graduate
0,18,8,8,8,8,Graduate
0,19,5,6,6,6,Graduate
0,18,4,5,5,4,Graduate
0,19,4,5,5,3,Enrolled
0,18,0,0,0,0,Dropout
0,33,6,6,6,6,Graduate
0,35,6,6,6,6,Graduate
0,26,4,5,5,2,Enrolled
0,18,6,6,6,6,Graduate
0,36,13,13,16,9,Enrolled
0,39,5,5,5,5,Graduate
0,44,6,6,6,6,Graduate
0,20,5,6,6,4,Enrolled
0,24,4,6,6,4,Dropout
0,20,6,6,6,6,Graduate
0,19,0,0,0,0,Dropout
1,18,6,7,7,6,Graduate
1,22,5,6,6,0,Dropout
0,18,6,6,6,6,Graduate
0,24,6,8,7,7,Graduate
0,33,0,5,5,0,Dropout
1,30,0,6,6,0,Enrolled
0,26,0,6,6,0,Dropout
0,18,6,6,6,6,Graduate
1,19,3,6,6,2,Dropout
0,20,3,5,5,4,Enrolled
0,22,8,9,11,7,Graduate
0,19,5,7,7,5,Enrolled
0,21,6,6,6,6,Graduate
0,21,6,7,7,6,Graduate
0,19,1,5,5,5,Enrolled
0,19,7,7,7,6,Graduate
0,18,7,8,8,7,Dropout
0,50,11,7,11,7,Graduate
0,31,4,5,5,4,Enrolled
0,19,6,6,6,6,Graduate
0,35,5,5,5,5,Graduate
0,31,0,6,6,0,Dropout
1,42,10,11,11,10,Enrolled
0,34,0,5,5,0,Dropout
0,18,7,8,7,8,Graduate
0,18,7,7,7,6,Enrolled
0,21,5,6,6,2,Enrolled
0,26,5,8,7,6,Dropout
0,20,6,8,7,8,Enrolled
0,19,3,6,6,3,Enrolled
0,19,6,6,6,6,Graduate
0,20,9,9,11,8,Graduate
0,19,6,6,6,6,Graduate
0,18,6,6,6,6,Graduate
0,28,11,11,14,10,Graduate
0,22,5,6,6,5,Enrolled
0,21,6,6,6,6,Graduate
0,21,4,6,6,1,Enrolled
0,26,5,8,7,5,Enrolled
1,18,5,6,6,5,Dropout
0,20,2,5,5,2,Dropout
0,18,6,6,6,6,Graduate
0,19,7,8,8,7,Graduate
0,20,11,11,11,11,Graduate
0,22,6,6,6,3,Graduate
1,18,5,6,6,4,Dropout
0,19,3,5,5,0,Dropout
0,18,5,6,6,4,Enrolled
0,20,3,6,6,3,Enrolled
0,19,4,6,6,3,Enrolled
0,19,6,6,6,4,Enrolled
0,19,7,8,8,7,Graduate
0,18,0,0,0,0,Graduate
0,21,13,12,13,12,Graduate
0,27,5,5,5,5,Graduate
0,19,6,6,6,6,Graduate
0,25,0,5,5,0,Dropout
0,18,7,8,8,7,Graduate
0,24,7,8,8,7,Graduate
0,20,7,8,7,7,Graduate
0,26,5,5,5,5,Graduate
0,20,6,6,6,6,Graduate
0,18,5,5,5,5,Graduate
0,19,6,6,6,6,Graduate
0,23,5,6,6,3,Dropout
0,18,6,7,7,6,Graduate
0,18,0,8,7,0,Dropout
0,19,7,8,7,8,Graduate
0,30,7,5,7,5,Graduate
0,29,0,6,6,0,Dropout
0,19,8,8,8,8,Graduate
0,20,7,8,7,8,Graduate
0,20,6,7,7,6,Graduate
0,19,6,6,6,6,Graduate
0,20,3,5,5,2,Enrolled
0,21,0,5,5,0,Dropout
0,19,5,6,6,4,Graduate
0,18,7,8,8,7,Graduate
0,27,6,6,6,5,Graduate
0,19,5,5,5,5,Graduate
0,19,0,7,7,0,Dropout
0,19,5,6,6,6,Graduate
0,18,7,8,8,7,Graduate
0,20,4,6,6,6,Enrolled
0,18,6,6,6,6,Graduate
0,19,0,6,6,0,Dropout
0,36,6,7,7,6,Graduate
0,18,0,4,2,1,Enrolled
1,18,1,5,5,3,Enrolled
0,19,7,8,8,7,Graduate
0,18,7,8,8,7,Graduate
0,18,4,5,5,4,Graduate
0,19,6,6,6,6,Graduate
0,19,7,8,7,8,Graduate
0,18,7,8,7,8,Dropout
0,20,6,6,6,5,Graduate
0,20,5,6,6,5,Enrolled
0,20,7,8,8,7,Graduate
0,18,7,8,8,7,Graduate
0,18,7,8,7,8,Graduate
0,19,5,5,5,5,Graduate
0,19,5,5,5,4,Enrolled
0,44,6,6,6,2,Graduate
0,32,0,6,6,0,Dropout
0,22,5,6,6,5,Dropout
0,36,12,12,12,11,Graduate
0,18,6,6,6,6,Graduate
0,20,5,5,5,5,Graduate
0,20,11,11,11,11,Graduate
0,19,5,6,6,4,Graduate
1,24,5,5,5,5,Graduate
0,20,5,6,6,4,Enrolled
0,27,9,11,10,5,Dropout
0,20,5,8,6,8,Enrolled
0,23,16,13,16,13,Graduate
0,18,8,8,8,8,Graduate
0,18,5,6,6,5,Graduate
0,20,7,8,8,7,Graduate
0,20,6,6,6,6,Graduate
0,23,6,6,6,5,Dropout
0,20,6,7,7,6,Graduate
0,28,0,5,5,0,Dropout
0,21,4,5,5,5,Graduate
0,21,2,7,2,0,Dropout
0,28,0,8,7,0,Dropout
0,18,6,8,7,7,Graduate
0,21,5,6,6,5,Enrolled
0,19,6,8,7,8,Graduate
0,18,7,8,8,7,Graduate
0,19,0,8,7,0,Dropout
0,20,6,6,6,2,Enrolled
0,20,6,8,7,7,Graduate
0,18,6,6,6,5,Graduate
0,20,6,6,6,4,Dropout
0,31,5,6,6,4,Dropout
0,19,7,8,7,8,Graduate
0,19,6,8,7,7,Graduate
0,23,6,6,6,6,Graduate
0,19,6,6,6,6,Graduate
0,20,6,7,7,6,Graduate
1,22,5,6,6,4,Enrolled
0,18,6,7,7,6,Enrolled
1,27,2,5,5,1,Dropout
0,29,1,7,7,0,Dropout
0,18,5,6,6,5,Graduate
0,18,5,6,6,6,Graduate
0,18,8,8,8,8,Graduate
0,20,3,5,5,5,Enrolled
0,18,6,6,6,5,Graduate
0,18,5,6,6,4,Enrolled
0,28,1,4,5,0,Dropout
0,18,7,8,8,7,Graduate
0,27,4,7,7,3,Enrolled
0,26,7,7,7,5,Enrolled
0,18,6,6,6,6,Graduate
0,18,4,5,5,5,Dropout
0,21,0,5,5,0,Dropout
0,18,4,6,6,0,Enrolled
0,32,0,5,5,0,Dropout
0,28,4,5,5,4,Graduate
0,40,0,5,4,0,Dropout
1,39,0,4,5,0,Dropout
1,39,0,6,6,0,Dropout
0,50,6,6,6,5,Graduate
0,23,5,6,6,3,Dropout
0,48,1,6,6,1,Dropout
0,23,4,6,6,5,Dropout
0,18,7,8,8,7,Graduate
0,18,2,5,5,5,Graduate
0,20,5,6,6,6,Graduate
0,18,4,5,5,5,Graduate
0,18,4,8,7,0,Dropout
0,31,1,5,5,1,Dropout
0,24,1,5,5,3,Enrolled
0,24,0,0,0,0,Graduate
1,26,0,5,5,0,Dropout
1,18,5,6,6,4,Dropout
0,19,3,5,5,3,Enrolled
0,22,0,6,6,0,Dropout
0,18,7,8,8,7,Graduate
1,20,0,6,6,0,Dropout
0,25,0,0,0,0,Graduate
0,24,4,5,5,5,Graduate
0,27,1,5,5,0,Dropout
0,21,5,6,6,5,Graduate
0,21,6,6,6,6,Graduate
0,19,4,6,6,6,Dropout
0,28,7,8,7,8,Graduate
0,20,5,5,5,2,Enrolled
0,21,6,6,6,6,Graduate
0,18,7,8,7,8,Graduate
0,18,5,5,5,5,Enrolled
0,20,4,5,5,3,Enrolled
0,25,5,5,5,2,Enrolled
1,22,6,6,6,2,Enrolled
0,18,6,8,8,6,Enrolled
0,19,5,5,5,5,Graduate
0,19,3,5,5,3,Dropout
1,25,4,6,6,4,Dropout
1,21,9,8,11,3,Dropout
0,19,2,6,5,0,Dropout
0,20,0,5,5,0,Dropout
0,25,14,9,14,6,Dropout
0,20,3,5,5,3,Enrolled
0,18,0,0,0,0,Graduate
1,23,3,6,6,3,Enrolled
0,23,8,8,8,8,Graduate
0,21,11,12,12,11,Graduate
0,20,2,5,5,3,Enrolled
0,25,1,5,5,2,Dropout
0,18,6,6,6,5,Graduate
0,22,6,6,6,6,Graduate
0,27,6,6,6,6,Graduate
0,25,0,3,3,0,Dropout
0,18,3,5,5,3,Dropout
0,20,5,5,5,5,Graduate
0,27,5,6,6,5,Graduate
0,20,6,6,6,6,Graduate
0,22,0,5,5,1,Dropout
0,19,3,5,5,3,Dropout
0,20,3,5,5,5,Enrolled
0,19,0,0,0,0,Graduate
0,29,0,5,5,0,Dropout
0,19,7,8,8,7,Graduate
0,28,5,5,5,5,Enrolled
0,20,6,6,6,6,Graduate
0,20,4,6,6,6,Graduate
0,31,0,6,6,0,Dropout
0,18,7,8,7,7,Graduate
0,19,6,6,6,6,Enrolled
0,18,4,5,5,4,Graduate
0,19,5,6,6,5,Graduate
0,18,5,5,5,5,Graduate
0,19,3,5,5,5,Graduate
0,18,6,6,6,6,Graduate
0,19,6,6,6,3,Graduate
0,19,7,8,7,8,Graduate
0,18,6,6,6,6,Graduate
0,19,4,7,7,5,Enrolled
0,20,6,6,6,6,Graduate
0,20,5,6,6,4,Enrolled
1,20,6,6,6,5,Enrolled
0,29,11,13,15,11,Dropout
0,20,4,6,6,3,Dropout
1,31,6,7,7,5,Dropout
0,20,6,6,6,6,Graduate
0,21,18,13,18,13,Graduate
0,23,0,6,6,0,Dropout
1,21,4,6,6,4,Dropout
0,24,7,8,7,8,Graduate
0,27,6,6,6,6,Graduate
0,18,7,8,7,8,Graduate
0,21,0,0,0,0,Dropout
1,19,0,5,5,0,Dropout
0,19,7,8,8,7,Graduate
0,18,0,6,6,0,Dropout
0,18,5,7,7,5,Enrolled
1,20,7,7,7,7,Graduate
0,24,5,6,6,6,Graduate
0,20,6,6,6,6,Graduate
0,20,4,5,5,5,Enrolled
0,19,7,8,8,7,Graduate
0,18,7,8,8,7,Graduate
0,20,6,6,6,6,Graduate
0,20,7,8,7,8,Graduate
0,19,6,8,7,8,Graduate
0,19,5,6,6,4,Enrolled
0,20,6,6,6,6,Graduate
0,19,2,5,5,2,Dropout
0,19,4,6,6,4,Dropout
0,18,8,8,8,8,Graduate
0,23,6,6,6,3,Dropout
0,21,5,6,6,5,Dropout
0,23,9,8,9,6,Graduate
0,19,7,8,7,8,Graduate
0,18,6,6,6,6,Graduate
0,19,5,6,6,5,Graduate
0,25,7,8,8,7,Graduate
0,19,5,6,6,4,Enrolled
0,19,7,8,7,8,Graduate
1,24,7,8,7,7,Graduate
0,18,6,6,6,5,Graduate
0,19,6,6,6,6,Graduate
0,18,7,8,8,7,Graduate
0,27,3,5,5,4,Enrolled
0,19,5,6,6,5,Graduate
0,18,6,6,6,6,Dropout
1,34,4,6,6,0,Dropout
0,18,3,5,5,2,Enrolled
0,18,2,5,5,3,Enrolled
0,18,8,8,8,8,Enrolled
1,20,0,6,6,0,Dropout
0,19,2,5,5,3,Enrolled
0,21,5,6,6,1,Enrolled
0,26,5,5,5,5,Graduate
0,27,7,8,7,8,Graduate
0,20,4,5,5,4,Graduate
0,18,6,6,6,6,Graduate
0,23,9,9,12,6,Enrolled
0,24,7,8,8,7,Graduate
0,19,5,6,6,6,Graduate
0,19,4,6,6,4,Graduate
1,19,5,6,6,3,Enrolled
1,18,5,6,6,2,Enrolled
0,22,13,13,16,11,Graduate
0,20,5,6,6,5,Graduate
0,25,0,6,6,0,Dropout
0,21,6,6,6,6,Graduate
0,19,5,7,7,6,Enrolled
0,18,6,6,6,6,Graduate
0,18,3,5,5,4,Graduate
0,19,7,8,7,8,Graduate
0,19,5,5,5,5,Graduate
1,18,5,6,6,4,Dropout
0,20,11,11,11,11,Graduate
0,19,0,8,7,0,Dropout
0,28,17,17,17,17,Graduate
0,20,6,6,6,6,Graduate
0,30,9,7,11,7,Dropout
0,19,7,8,7,8,Graduate
0,22,6,6,6,5,Graduate
0,18,6,6,6,6,Graduate
0,23,2,6,6,2,Dropout
0,18,6,6,6,6,Graduate
0,18,5,6,6,4,Enrolled
1,50,1,5,6,0,Dropout
0,19,0,0,0,0,Graduate
0,22,6,6,6,6,Graduate
1,23,6,6,6,6,Graduate
1,20,5,5,5,5,Dropout
0,44,0,6,6,0,Dropout
0,49,7,12,12,9,Graduate
0,46,9,10,10,10,Graduate
0,41,3,2,3,2,Dropout
0,18,7,8,7,8,Graduate
0,43,5,5,5,5,Graduate
1,70,0,5,5,0,Dropout
0,48,0,6,6,0,Dropout
0,41,19,13,19,13,Graduate
0,21,6,6,6,4,Enrolled
1,35,3,7,7,0,Dropout
0,44,4,5,5,4,Graduate
1,18,4,5,5,2,Dropout
0,45,6,6,6,6,Graduate
0,20,3,6,6,5,Enrolled
0,22,5,6,6,6,Graduate
0,39,3,5,5,1,Dropout
0,20,5,6,6,3,Enrolled
0,49,3,5,5,3,Dropout
0,43,4,1,4,1,Dropout
0,32,0,5,5,0,Dropout
0,47,9,7,9,7,Graduate
0,37,5,5,5,4,Dropout
0,41,10,7,10,7,Graduate
0,60,18,13,18,13,Graduate
0,47,11,9,11,9,Graduate
1,50,0,5,6,0,Dropout
0,45,0,5,5,0,Dropout
1,45,0,5,5,0,Dropout
0,33,4,5,5,5,Graduate
0,18,7,8,8,7,Graduate
0,43,5,5,5,5,Graduate
0,44,13,11,13,11,Graduate
0,29,0,5,5,0,Dropout
1,53,3,6,6,0,Dropout
0,37,5,5,5,5,Enrolled
0,18,5,6,6,5,Enrolled
1,35,6,9,10,3,Dropout
0,23,6,6,6,6,Enrolled
0,22,0,0,0,0,Graduate
0,33,1,6,6,0,Dropout
0,41,0,5,5,0,Dropout
0,51,7,8,7,8,Graduate
0,19,6,7,6,7,Graduate
0,35,0,5,5,0,Dropout
0,20,0,0,0,0,Graduate
0,18,4,6,6,5,Enrolled
1,18,5,6,6,3,Dropout
0,21,5,6,6,5,Graduate
0,21,6,6,6,5,Graduate
0,34,3,5,5,4,Graduate
0,34,0,6,6,0,Dropout
0,21,6,6,6,5,Graduate
0,32,7,7,11,6,Enrolled
0,30,2,6,6,3,Dropout
1,19,11,11,12,10,Enrolled
0,20,6,6,7,5,Dropout
0,18,0,6,6,0,Dropout
0,19,6,6,6,6,Graduate
0,18,5,7,7,6,Dropout
0,27,4,5,5,3,Dropout
0,52,5,6,6,6,Graduate
0,29,0,6,6,0,Dropout
1,22,3,6,6,2,Dropout
0,28,18,13,18,12,Graduate
0,30,0,5,5,0,Dropout
0,18,7,8,7,8,Graduate
0,21,4,5,5,3,Graduate
1,20,6,6,6,6,Graduate
0,21,8,8,8,8,Graduate
1,32,0,5,5,0,Dropout
0,20,6,6,6,6,Graduate
1,19,0,0,0,0,Dropout
1,18,4,6,6,3,Dropout
0,23,12,14,15,11,Dropout
0,20,6,6,6,4,Graduate
0,46,8,5,9,5,Graduate
0,27,18,12,18,12,Graduate
0,20,0,0,0,0,Enrolled
0,41,9,7,9,6,Graduate
1,40,1,5,5,1,Enrolled
0,37,16,11,16,10,Graduate
0,20,5,5,5,5,Enrolled
0,20,4,5,5,4,Enrolled
0,26,9,7,9,7,Graduate
0,54,9,7,9,7,Graduate
0,21,6,6,6,6,Graduate
0,20,6,6,6,6,Graduate
0,18,0,6,6,0,Dropout
0,19,6,8,7,7,Enrolled
0,18,6,6,6,6,Graduate
0,19,4,6,6,4,Enrolled
1,22,6,6,6,3,Dropout
0,19,6,6,6,6,Graduate
0,21,8,11,12,9,Dropout
0,20,6,7,7,6,Enrolled
0,18,6,6,6,6,Graduate
0,18,6,6,6,6,Graduate
1,20,2,6,6,4,Dropout
0,18,7,8,7,8,Graduate
0,18,6,8,8,6,Enrolled
0,20,5,6,6,6,Graduate
0,19,6,6,6,6,Graduate
0,18,6,6,6,5,Graduate
0,18,7,8,8,7,Graduate
1,18,5,5,5,5,Dropout
0,20,0,0,0,0,Graduate
0,19,6,6,6,6,Graduate
0,36,2,7,6,0,Dropout
0,19,6,6,6,6,Graduate
0,18,6,6,6,5,Graduate
0,18,6,6,6,6,Graduate
0,18,6,6,6,6,Graduate
0,19,7,9,7,9,Graduate
0,18,7,8,7,8,Graduate
0,19,6,6,6,6,Graduate
0,18,6,6,6,4,Enrolled
0,22,6,6,6,4,Enrolled
1,18,0,6,6,0,Dropout
0,19,5,5,5,5,Graduate
0,18,6,6,6,6,Graduate
0,19,7,7,7,7,Graduate
1,20,2,5,5,3,Enrolled
0,18,6,6,6,6,Graduate
1,23,6,6,6,4,Enrolled
0,20,0,6,4,0,Dropout
0,20,6,6,6,6,Enrolled
1,22,0,6,6,0,Dropout
0,18,7,7,7,6,Graduate
0,18,7,8,7,8,Graduate
0,18,7,8,7,8,Graduate
0,18,7,7,7,7,Graduate
0,21,5,5,5,3,Enrolled
0,20,6,6,6,6,Enrolled
0,18,6,6,6,6,Graduate
0,20,7,8,7,7,Enrolled
0,25,6,6,6,6,Graduate
0,18,5,5,5,4,Graduate
0,19,0,0,0,0,Graduate
0,20,6,7,7,6,Enrolled
0,20,6,6,6,6,Graduate
0,21,6,6,6,6,Graduate
0,18,6,6,6,5,Graduate
0,18,7,7,7,6,Dropout
0,18,6,6,6,6,Graduate
0,18,8,8,8,8,Graduate
0,19,0,6,6,0,Dropout
0,20,6,6,6,6,Dropout
0,47,0,5,6,0,Dropout
1,21,5,5,5,2,Enrolled
0,31,2,6,6,1,Dropout
0,46,0,5,5,0,Dropout
0,18,4,5,5,2,Enrolled
0,19,3,5,5,4,Dropout
0,23,5,7,7,2,Enrolled
0,22,0,5,5,0,Dropout
0,19,5,5,5,5,Graduate
1,19,0,5,5,0,Dropout
0,22,4,5,5,4,Enrolled
1,29,0,5,5,0,Dropout
0,18,6,7,7,6,Graduate
0,18,5,6,6,5,Graduate
1,23,0,0,0,0,Dropout
0,34,5,5,5,5,Graduate
0,19,3,5,5,4,Graduate
0,18,4,5,5,5,Enrolled
0,20,7,8,7,8,Graduate
0,19,7,8,7,7,Graduate
0,22,5,6,6,4,Enrolled
0,23,6,6,6,6,Graduate
0,34,7,8,8,7,Graduate
1,18,0,5,5,0,Enrolled
0,21,5,6,6,0,Dropout
0,22,6,6,6,6,Dropout
0,28,0,6,6,0,Dropout
0,23,0,5,5,0,Dropout
0,20,4,6,6,2,Dropout
0,18,5,5,5,3,Dropout
1,28,0,5,5,0,Dropout
0,21,2,9,7,7,Dropout
1,25,3,6,6,2,Dropout
0,19,6,6,6,6,Dropout
0,18,7,8,7,8,Graduate
0,29,0,5,3,0,Dropout
0,29,0,5,5,0,Dropout
0,20,6,6,6,5,Graduate
0,18,0,0,0,0,Graduate
0,20,6,6,6,6,Graduate
0,33,1,5,5,2,Dropout
0,30,13,11,15,10,Graduate
0,21,5,8,7,6,Enrolled
1,18,5,6,6,4,Graduate
0,19,7,8,7,8,Graduate
0,21,4,6,6,5,Dropout
0,25,2,7,7,0,Dropout
0,19,3,5,5,5,Graduate
0,23,5,9,7,7,Dropout
0,19,6,6,6,5,Graduate
0,19,0,0,0,0,Graduate
1,31,1,6,6,0,Dropout
1,32,3,10,6,6,Dropout
0,19,7,8,8,7,Graduate
0,34,10,10,10,9,Graduate
0,21,6,6,6,6,Graduate
0,53,6,7,7,7,Graduate
0,19,7,8,7,8,Graduate
0,20,4,6,6,4,Graduate
0,18,6,6,6,6,Graduate
0,32,0,0,0,0,Dropout
0,21,7,8,8,7,Graduate
0,26,0,5,5,0,Dropout
0,26,18,13,18,13,Graduate
0,21,3,5,5,1,Dropout
0,18,6,6,6,6,Graduate
0,21,12,12,12,11,Graduate
0,21,6,6,6,4,Enrolled
0,19,6,6,6,6,Graduate
0,19,2,5,5,2,Dropout
0,19,6,6,6,5,Graduate
0,27,8,8,8,8,Graduate
0,18,6,7,7,6,Graduate
0,20,1,5,5,0,Dropout
0,19,7,8,7,8,Graduate
0,20,0,6,6,0,Dropout
0,19,5,6,6,6,Graduate
0,20,4,6,6,3,Enrolled
0,20,0,0,0,0,Dropout
0,18,6,6,6,6,Graduate
0,20,4,5,5,5,Graduate
0,38,5,5,5,2,Dropout
0,42,5,6,6,6,Graduate
0,32,0,8,7,0,Dropout
0,22,6,6,6,6,Graduate
0,28,0,5,5,0,Dropout
0,37,0,6,6,0,Dropout
0,43,6,6,6,6,Graduate
0,41,5,6,6,6,Graduate
0,29,4,6,6,5,Graduate
0,35,6,6,6,6,Graduate
0,18,4,6,6,4,Dropout
0,39,3,7,7,2,Dropout
0,37,2,5,5,3,Enrolled
0,26,6,7,7,6,Graduate
0,32,1,5,5,0,Dropout
1,37,7,7,8,6,Enrolled
1,28,0,6,6,0,Enrolled
0,19,0,6,6,0,Dropout
0,18,1,5,5,2,Enrolled
0,19,6,7,7,7,Graduate
0,32,8,8,11,8,Graduate
0,31,3,5,5,2,Dropout
0,34,7,8,8,7,Enrolled
0,20,12,11,12,11,Graduate
0,28,1,7,7,1,Dropout
0,31,6,7,6,7,Enrolled
0,18,6,6,6,4,Enrolled
0,31,5,6,6,3,Dropout
0,19,6,6,6,5,Graduate
0,19,6,6,6,6,Graduate
0,31,0,5,6,0,Enrolled
0,34,0,6,6,0,Dropout
0,18,7,8,7,8,Graduate
0,18,6,6,6,6,Graduate
1,19,5,5,5,5,Graduate
0,22,0,4,4,0,Dropout
0,32,10,9,10,4,Graduate
0,61,0,5,5,0,Dropout
0,30,5,5,5,5,Graduate
1,45,0,5,5,0,Dropout
0,20,6,6,6,6,Graduate
0,19,0,8,7,0,Dropout
0,26,4,11,10,4,Dropout
0,19,3,5,5,1,Dropout
0,19,6,6,6,6,Graduate
0,19,6,6,6,5,Graduate
0,19,5,5,5,5,Graduate
0,19,0,4,5,0,Dropout
0,28,3,5,5,2,Dropout
0,24,15,14,15,14,Graduate
0,18,3,5,5,5,Graduate
0,18,2,5,5,2,Enrolled
0,18,6,6,6,5,Graduate
0,21,5,6,6,5,Graduate
0,28,0,5,5,0,Dropout
0,58,0,6,6,0,Dropout
0,49,0,5,5,0,Dropout
0,24,3,5,5,2,Enrolled
0,25,4,5,5,4,Graduate
0,33,1,5,5,0,Dropout
0,33,0,5,5,0,Dropout
0,40,1,4,2,4,Graduate
0,48,5,5,5,5,Graduate
1,18,3,5,5,3,Enrolled
0,24,6,7,7,6,Graduate
0,23,5,5,5,4,Graduate
1,39,5,5,5,5,Dropout
0,21,9,9,11,8,Graduate
0,34,4,5,6,2,Dropout
0,41,4,5,5,5,Enrolled
0,18,6,6,6,6,Graduate
0,34,4,5,5,4,Enrolled
0,19,2,5,5,1,Dropout
0,19,7,8,8,7,Graduate
0,28,6,6,6,6,Graduate
0,18,5,6,6,0,Dropout
0,19,3,6,6,2,Dropout
1,19,5,6,6,2,Dropout
0,18,7,8,7,8,Graduate
0,18,6,6,6,5,Graduate
0,18,6,6,6,6,Dropout
0,19,6,6,6,6,Graduate
0,31,5,6,6,5,Graduate
0,33,6,6,6,6,Graduate
0,20,5,7,7,6,Enrolled
0,22,5,6,6,2,Enrolled
0,19,6,6,6,5,Graduate
0,18,6,6,6,6,Dropout
0,18,0,6,6,0,Dropout
0,18,0,6,6,0,Dropout
0,18,0,0,0,0,Graduate
0,19,5,5,5,3,Graduate
0,18,6,6,6,6,Dropout
0,18,3,5,5,5,Graduate
0,18,7,8,8,7,Graduate
0,21,9,9,9,9,Graduate
0,18,7,8,8,7,Graduate
0,18,6,6,6,6,Graduate
0,18,7,8,7,6,Graduate
0,20,6,8,7,7,Graduate
0,18,5,5,5,5,Graduate
0,18,0,6,6,0,Dropout
0,20,5,5,5,5,Graduate
0,20,6,6,6,6,Graduate
1,19,4,5,5,0,Dropout
0,19,11,11,11,11,Graduate
1,18,1,6,6,0,Dropout
1,19,6,6,6,6,Graduate
0,20,8,8,8,8,Graduate
0,21,6,5,7,5,Graduate
0,21,6,8,8,6,Graduate
0,20,6,6,6,6,Graduate
0,19,7,7,7,7,Graduate
0,21,2,5,5,2,Dropout
0,18,5,5,5,5,Graduate
0,19,5,6,6,5,Graduate
0,18,7,8,7,8,Graduate
0,19,7,8,8,7,Graduate
0,18,3,5,5,3,Graduate
0,18,4,6,6,4,Enrolled
0,18,6,6,6,6,Graduate
0,18,4,5,5,5,Graduate
0,18,2,6,6,0,Dropout
0,18,6,6,6,6,Enrolled
0,18,0,6,6,0,Dropout
0,18,6,6,6,6,Graduate
0,20,2,6,2,6,Graduate
0,18,5,6,6,5,Enrolled
0,18,5,6,6,5,Graduate
0,20,7,8,8,7,Graduate
0,40,8,7,8,5,Graduate
0,18,6,8,7,7,Graduate
0,19,5,6,6,5,Graduate
0,24,0,5,5,0,Dropout
0,19,6,6,6,6,Dropout
0,19,7,8,8,7,Graduate
0,20,6,8,7,7,Graduate
0,18,7,8,7,8,Graduate
0,18,0,0,0,0,Graduate
0,19,7,8,7,8,Graduate
0,18,7,8,7,8,Dropout
0,19,6,6,6,5,Graduate
0,19,7,8,7,8,Graduate
0,19,7,8,7,7,Graduate
0,19,7,8,7,7,Dropout
0,19,6,7,7,6,Graduate
1,25,5,5,5,4,Dropout
0,20,7,8,8,7,Graduate
1,23,7,9,9,4,Dropout
0,20,0,6,6,0,Dropout
0,27,5,6,6,6,Graduate
0,18,8,8,8,8,Graduate
1,18,5,6,6,4,Enrolled
1,23,11,10,12,8,Dropout
0,19,6,7,7,6,Graduate
0,18,5,5,5,5,Graduate
0,20,7,8,7,8,Graduate
0,18,4,6,6,5,Graduate
0,19,8,8,8,8,Graduate
0,19,6,6,6,6,Graduate
0,19,4,6,6,5,Enrolled
0,18,4,5,5,5,Graduate
0,18,5,6,6,6,Graduate
0,18,6,6,6,6,Graduate
0,28,11,8,11,8,Dropout
0,19,4,6,6,1,Dropout
1,20,0,0,0,0,Dropout
0,19,6,8,7,7,Graduate
0,20,6,6,6,6,Graduate
0,19,5,6,6,5,Graduate
0,21,5,6,6,4,Enrolled
0,19,7,7,7,7,Graduate
0,18,6,6,6,6,Graduate
0,19,0,6,6,0,Dropout
0,19,6,6,6,6,Graduate
1,20,5,6,6,6,Graduate
0,18,5,7,7,6,Enrolled
0,18,0,0,0,0,Enrolled
0,18,4,5,5,5,Graduate
0,18,0,6,6,0,Dropout
0,18,5,6,6,6,Graduate
0,20,5,6,6,6,Dropout
0,19,7,8,7,8,Graduate
1,21,3,6,6,3,Dropout
1,20,0,6,6,0,Dropout
0,18,5,6,6,4,Graduate
0,20,6,6,6,6,Graduate
0,19,8,8,8,8,Graduate
0,22,4,5,5,5,Dropout
0,22,0,2,6,0,Dropout
0,18,3,6,6,4,Enrolled
0,21,6,10,10,7,Enrolled
0,19,2,6,6,5,Graduate
0,19,0,0,0,0,Dropout
0,20,7,8,8,7,Dropout
1,18,7,8,7,8,Graduate
0,22,7,5,12,5,Dropout
0,20,4,5,5,5,Graduate
0,19,6,6,6,6,Graduate
0,19,7,8,7,7,Graduate
0,20,5,7,7,6,Enrolled
0,25,3,5,5,3,Enrolled
0,19,6,8,7,7,Graduate
0,19,8,8,8,8,Graduate
0,19,0,6,5,0,Dropout
0,20,6,8,7,7,Graduate
0,25,7,8,7,5,Enrolled
0,20,6,7,7,6,Graduate
0,24,4,6,6,5,Enrolled
0,20,5,5,5,5,Graduate
0,21,7,8,7,8,Graduate
1,19,6,6,6,5,Graduate
0,19,6,6,6,6,Graduate
0,21,5,5,5,4,Graduate
0,28,7,8,7,8,Graduate
1,19,5,6,6,5,Graduate
0,18,5,5,5,5,Graduate
0,18,7,8,8,7,Graduate
0,18,8,8,8,8,Graduate
0,22,7,8,8,7,Graduate
0,19,4,5,5,3,Enrolled
0,18,7,8,7,8,Graduate
0,20,0,6,6,0,Dropout
0,26,4,10,9,3,Dropout
0,18,6,6,6,6,Graduate
0,21,6,6,6,3,Dropout
0,18,7,8,8,7,Graduate
0,20,6,6,6,6,Graduate
0,18,7,8,7,7,Graduate
0,19,5,5,5,3,Enrolled
0,20,4,5,5,4,Dropout
1,18,6,6,6,6,Graduate
0,20,3,5,5,4,Enrolled
0,22,5,6,6,5,Graduate
0,18,0,0,0,0,Enrolled
0,21,4,5,5,5,Graduate
0,18,6,7,7,6,Enrolled
0,18,7,8,8,7,Graduate
0,18,6,6,6,6,Graduate
0,19,0,0,0,0,Dropout
0,19,3,5,5,3,Enrolled
0,19,5,7,7,5,Enrolled
0,19,7,8,8,7,Graduate
0,19,4,5,5,4,Enrolled
0,19,3,6,6,1,Dropout
0,21,6,6,6,6,Graduate
0,20,5,6,6,5,Graduate
0,20,5,5,5,5,Graduate
0,41,5,5,5,5,Graduate
0,32,4,7,7,7,Enrolled
0,18,7,8,8,7,Graduate
0,35,6,6,6,6,Graduate
1,32,4,7,7,0,Dropout
0,37,11,8,11,8,Graduate
0,30,7,8,7,7,Dropout
0,23,6,6,6,5,Graduate
0,20,6,6,6,6,Dropout
0,21,4,5,5,4,Graduate
0,19,5,5,5,5,Graduate
0,18,7,8,8,7,Graduate
0,18,1,5,5,1,Dropout
0,24,4,5,5,5,Enrolled
0,22,4,6,6,4,Graduate
0,18,4,6,6,3,Dropout
0,18,6,6,6,5,Graduate
0,21,5,6,6,5,Graduate
1,38,3,7,7,2,Dropout
0,19,7,8,7,8,Graduate
0,36,4,7,7,3,Dropout
0,18,4,5,5,4,Graduate
0,19,7,8,7,6,Graduate
1,21,8,9,10,5,Dropout
0,19,6,8,7,6,Enrolled
0,18,5,6,6,6,Graduate
0,45,11,10,11,10,Enrolled
0,20,1,5,5,1,Dropout
1,18,6,6,6,4,Graduate
0,18,6,6,6,6,Graduate
0,25,0,5,5,0,Dropout
0,19,7,8,8,7,Graduate
0,18,0,0,0,0,Graduate
0,39,13,12,13,12,Graduate
0,29,18,13,18,13,Graduate
0,18,6,7,7,7,Enrolled
0,23,2,6,3,0,Dropout
0,21,4,6,6,3,Dropout
0,18,6,6,6,6,Graduate
0,23,6,6,6,6,Graduate
0,18,6,6,6,6,Graduate
0,32,5,6,6,6,Graduate
1,29,3,5,5,2,Dropout
1,20,5,6,6,4,Graduate
0,28,1,6,6,0,Dropout
0,27,3,5,5,4,Graduate
1,22,12,14,14,12,Graduate
1,37,6,6,6,6,Enrolled
0,28,1,6,6,0,Dropout
1,43,4,6,6,4,Dropout
0,32,0,8,7,0,Dropout
0,20,4,6,6,5,Enrolled
0,35,8,8,8,8,Graduate
0,21,3,5,5,4,Graduate
0,18,6,7,7,7,Enrolled
0,18,7,8,7,8,Graduate
0,18,5,6,6,4,Graduate
0,22,6,6,6,6,Graduate
0,19,7,8,8,7,Graduate
0,18,5,5,5,5,Graduate
1,19,0,0,0,0,Dropout
0,18,7,8,7,8,Graduate
1,31,0,5,5,0,Dropout
1,33,5,6,6,6,Graduate
0,19,8,8,8,8,Graduate
0,18,6,6,6,6,Graduate
0,23,3,5,5,5,Graduate
0,20,5,6,6,6,Graduate
0,18,8,8,8,8,Graduate
1,21,8,9,9,5,Enrolled
0,22,5,6,6,5,Graduate
1,20,6,6,6,6,Graduate
0,23,6,7,7,6,Graduate
0,19,6,6,6,6,Graduate
0,19,7,8,8,7,Graduate
0,26,2,5,5,3,Dropout
0,18,7,8,7,8,Graduate
0,18,1,5,5,0,Dropout
0,20,6,6,6,6,Graduate
0,19,0,6,6,0,Dropout
0,32,5,4,9,4,Dropout
0,31,2,5,4,3,Dropout
0,25,1,5,5,1,Enrolled
0,21,5,6,6,5,Graduate
0,31,4,5,6,1,Dropout
0,34,1,7,7,1,Dropout
0,18,6,6,6,6,Graduate
1,19,0,6,6,0,Dropout
1,21,1,6,6,1,Enrolled
0,18,3,6,6,5,Dropout
0,20,6,6,6,6,Graduate
0,20,6,6,6,6,Graduate
0,18,5,6,6,5,Graduate
0,19,4,6,6,6,Graduate
0,19,0,5,5,4,Enrolled
0,30,0,6,6,1,Dropout
0,19,6,6,6,6,Graduate
0,19,7,8,7,8,Graduate
0,19,7,8,8,7,Graduate
0,19,6,6,6,6,Graduate
0,20,5,6,6,6,Graduate
1,25,0,6,5,2,Dropout
0,19,0,6,6,0,Dropout
1,34,6,6,6,6,Graduate
0,18,7,8,8,7,Graduate
0,18,8,8,8,8,Graduate
0,20,6,6,6,5,Graduate
0,20,7,8,8,7,Graduate
1,23,8,9,11,5,Enrolled
0,28,1,6,6,0,Dropout
0,18,5,6,6,6,Enrolled
0,19,5,5,5,4,Graduate
0,34,2,5,5,4,Dropout
0,35,0,6,7,0,Dropout
0,32,5,5,5,5,Graduate
0,19,6,6,6,6,Graduate
0,18,4,6,6,5,Graduate
0,35,4,5,5,5,Dropout
0,24,4,6,6,4,Enrolled
0,20,6,6,6,6,Graduate
0,18,6,6,6,6,Graduate
0,20,7,8,8,7,Graduate
0,18,0,6,6,0,Dropout
0,18,5,5,5,5,Graduate
0,20,4,5,5,4,Graduate
0,19,6,7,7,6,Dropout
0,20,6,6,6,5,Enrolled
0,19,6,6,6,6,Graduate
0,20,5,6,6,4,Graduate
0,22,6,8,7,7,Graduate
0,18,4,6,5,6,Enrolled
0,19,7,8,8,7,Graduate
0,22,3,6,6,2,Dropout
0,20,5,5,5,5,Graduate
1,34,0,6,6,0,Dropout
0,24,1,5,6,0,Dropout
0,26,0,5,5,0,Dropout
0,35,4,7,7,5,Dropout
0,22,5,5,5,5,Graduate
0,26,4,6,6,3,Enrolled
0,19,3,5,5,0,Dropout
0,19,0,6,6,0,Dropout
1,20,0,0,0,0,Graduate
1,21,10,8,11,8,Graduate
0,19,6,6,6,6,Graduate
0,18,6,6,6,6,Graduate
0,23,12,10,12,10,Graduate
0,18,5,5,5,5,Graduate
0,18,7,8,8,7,Graduate
0,19,7,8,8,7,Graduate
0,21,11,9,11,8,Graduate
0,18,6,6,6,6,Graduate
0,24,6,6,6,6,Graduate
0,18,7,8,7,8,Dropout
0,18,6,6,6,3,Enrolled
0,20,6,8,7,7,Graduate
0,19,3,5,5,4,Enrolled
0,18,3,6,6,3,Dropout
0,19,4,6,6,3,Dropout
0,19,5,6,6,5,Graduate
1,18,6,6,6,6,Graduate
0,20,6,7,7,6,Enrolled
0,18,8,8,8,8,Graduate
0,19,6,7,7,6,Graduate
0,18,4,5,5,2,Enrolled
0,18,6,7,7,6,Graduate
0,21,4,6,6,2,Enrolled
1,19,1,6,6,0,Dropout
0,21,7,8,7,8,Graduate
0,18,4,6,6,3,Enrolled
0,18,7,8,7,8,Graduate
0,18,7,8,7,8,Graduate
0,23,0,5,5,1,Dropout
0,20,3,6,6,4,Enrolled
0,18,7,8,7,8,Graduate
0,19,5,6,6,5,Enrolled
0,27,6,7,7,6,Enrolled
1,19,5,5,5,4,Enrolled
0,21,5,6,6,5,Dropout
0,19,7,8,8,7,Graduate
0,21,6,6,6,6,Graduate
0,18,5,6,6,4,Graduate
0,20,5,5,5,4,Graduate
0,18,5,6,6,5,Graduate
1,18,6,6,6,6,Dropout
0,18,6,6,6,6,Graduate
0,18,6,6,6,6,Graduate
0,19,5,7,7,7,Enrolled
1,23,11,9,11,8,Enrolled
0,24,6,6,6,6,Graduate
0,19,0,0,0,0,Graduate
0,18,7,8,8,7,Graduate
0,19,6,6,6,6,Graduate
0,19,0,6,6,0,Dropout
0,20,5,6,6,5,Enrolled
0,20,6,6,6,5,Enrolled
0,26,4,6,6,0,Dropout
1,36,0,5,5,0,Dropout
0,19,0,0,0,0,Dropout
0,27,0,5,5,0,Dropout
0,18,1,5,5,0,Dropout
0,18,7,8,8,7,Graduate
0,28,0,6,6,0,Dropout
0,21,0,0,0,0,Graduate
0,19,6,7,7,6,Graduate
1,26,0,5,5,0,Dropout
0,20,9,7,9,6,Dropout
0,19,7,8,8,7,Graduate
0,21,3,5,5,4,Dropout
0,23,5,6,6,6,Graduate
0,29,6,6,6,6,Graduate
0,20,7,8,8,7,Graduate
0,18,6,6,6,6,Graduate
0,19,5,6,6,5,Graduate
0,23,3,8,7,3,Dropout
0,21,0,0,0,0,Dropout
0,18,5,5,5,4,Enrolled
0,18,0,0,0,0,Graduate
1,21,1,6,6,0,Dropout
0,22,0,6,6,0,Dropout
0,21,7,7,7,5,Graduate
0,32,0,8,7,0,Dropout
0,27,18,13,18,13,Graduate
0,18,6,7,7,6,Graduate
0,24,6,6,6,2,Graduate
0,22,2,5,5,0,Dropout
0,22,0,4,6,0,Dropout
0,19,5,5,5,5,Graduate
0,19,0,5,5,0,Dropout
0,21,4,5,5,3,Enrolled
0,18,8,8,8,8,Graduate
0,18,6,6,6,5,Graduate
1,20,0,0,0,0,Dropout
0,19,6,6,6,6,Graduate
1,19,5,6,6,6,Graduate
0,18,5,6,6,6,Graduate
0,20,6,6,6,6,Enrolled
1,22,7,9,7,9,Graduate
0,31,6,7,7,7,Graduate
0,19,7,7,7,7,Graduate
0,18,0,0,0,0,Enrolled
0,18,6,6,6,5,Graduate
0,21,5,5,5,5,Graduate
0,18,7,8,7,8,Graduate
1,25,0,5,5,0,Dropout
1,21,0,6,5,0,Dropout
0,19,7,8,8,7,Graduate
0,19,5,6,6,5,Enrolled
0,22,4,6,6,1,Dropout
0,19,5,5,5,5,Graduate
0,58,0,6,6,0,Dropout
0,19,4,6,6,6,Graduate
0,23,6,10,9,10,Graduate
0,19,4,6,6,3,Enrolled
0,18,7,8,7,8,Graduate
0,20,5,5,5,4,Graduate
0,18,0,6,6,0,Dropout
0,18,6,6,6,5,Graduate
1,18,5,5,5,5,Graduate
0,24,6,6,6,5,Dropout
0,18,5,6,6,5,Dropout
0,19,5,5,5,3,Enrolled
0,19,6,6,6,6,Graduate
0,18,6,6,6,6,Graduate
0,18,4,5,5,5,Enrolled
0,19,0,0,0,0,Graduate
0,22,6,6,6,4,Graduate
0,19,5,6,6,2,Enrolled
0,21,3,6,6,4,Enrolled
0,21,5,6,6,6,Graduate
0,18,7,8,8,7,Graduate
0,20,4,6,6,1,Dropout
0,18,6,6,6,5,Enrolled
0,19,6,6,6,6,Graduate
0,18,6,8,7,6,Enrolled
1,26,6,6,7,2,Dropout
1,19,2,5,6,2,Enrolled
0,35,6,6,6,6,Graduate
0,19,6,6,6,6,Graduate
0,18,4,5,5,5,Graduate
0,19,4,5,5,4,Graduate
0,25,17,17,17,17,Graduate
0,18,6,6,6,6,Graduate
1,26,0,6,6,0,Dropout
0,34,5,5,5,5,Graduate
0,18,0,5,5,0,Dropout
0,18,0,0,0,0,Dropout
0,18,4,5,5,3,Dropout
0,20,3,6,6,3,Dropout
0,25,6,9,7,9,Graduate
0,18,6,6,6,5,Dropout
0,19,11,12,12,12,Graduate
0,20,0,0,0,0,Dropout
0,20,6,6,7,6,Graduate
0,20,4,5,5,4,Enrolled
0,19,0,5,5,0,Dropout
0,20,5,5,5,4,Enrolled
0,18,6,8,7,6,Enrolled
0,19,4,6,6,1,Enrolled
0,20,0,5,5,0,Dropout
0,24,4,6,6,4,Dropout
0,20,5,6,6,6,Graduate
0,19,3,5,5,4,Enrolled
0,23,2,5,5,1,Dropout
0,20,6,6,6,5,Enrolled
0,21,11,11,11,8,Graduate
0,20,3,5,5,0,Dropout
0,21,4,5,5,4,Enrolled
0,18,6,6,6,6,Graduate
0,18,6,6,6,6,Graduate
0,18,5,5,5,4,Enrolled
0,20,4,6,6,5,Enrolled
0,18,6,6,6,6,Graduate
0,19,0,6,6,0,Dropout
0,20,4,5,5,2,Enrolled
0,19,4,5,5,5,Graduate
1,33,2,5,5,2,Dropout
0,21,12,11,12,11,Graduate
1,25,2,6,6,0,Dropout
0,20,4,6,6,0,Dropout
0,22,5,8,7,5,Dropout
0,39,4,6,6,6,Graduate
0,21,6,6,6,6,Graduate
0,19,6,6,6,4,Graduate
0,26,6,7,7,6,Graduate
0,19,4,6,6,5,Graduate
0,20,11,9,12,7,Graduate
0,25,6,6,6,5,Enrolled
0,24,0,6,6,0,Dropout
0,20,4,5,5,5,Graduate
0,29,6,6,6,6,Graduate
0,20,6,6,6,6,Graduate
0,20,4,6,6,2,Dropout
0,24,4,6,6,5,Graduate
1,24,0,7,7,0,Dropout
0,23,5,5,5,5,Graduate
0,20,7,8,7,8,Graduate
0,19,6,6,6,5,Graduate
0,28,5,6,6,6,Enrolled
0,20,6,6,6,5,Graduate
0,18,6,6,6,6,Graduate
1,20,1,6,6,0,Dropout
0,33,5,5,5,5,Graduate
0,35,5,7,7,5,Enrolled
0,27,7,8,8,7,Enrolled
0,19,3,6,6,3,Dropout
0,31,4,5,5,4,Enrolled
0,19,0,0,0,0,Graduate
0,22,13,12,13,12,Graduate
0,39,0,8,7,0,Dropout
0,22,0,6,1,0,Dropout
0,47,4,5,5,4,Enrolled
0,19,0,0,0,0,Graduate
0,19,6,6,6,6,Graduate
0,19,0,8,7,0,Dropout
0,21,17,17,17,17,Graduate
0,39,0,8,7,0,Dropout
0,19,12,11,12,11,Graduate
0,20,0,0,0,0,Enrolled
1,24,0,5,5,0,Dropout
0,27,1,5,5,0,Dropout
0,29,5,5,5,5,Graduate
0,20,4,6,6,0,Dropout
0,21,5,5,5,4,Dropout
0,18,0,0,0,0,Enrolled
0,19,7,8,8,7,Graduate
1,19,6,6,6,4,Dropout
0,28,3,5,5,3,Graduate
0,21,6,6,6,4,Graduate
1,23,7,8,8,7,Dropout
0,39,2,6,6,3,Enrolled
0,18,6,7,7,6,Graduate
0,59,6,6,6,4,Graduate
1,30,4,5,5,3,Enrolled
0,18,5,5,5,5,Graduate
0,41,4,7,6,6,Enrolled
0,27,0,7,7,0,Dropout
0,18,6,6,6,6,Graduate
1,20,2,6,6,3,Dropout
0,32,0,5,5,0,Dropout
0,19,3,5,5,4,Dropout
0,41,0,6,6,0,Dropout
0,38,1,5,5,0,Dropout
0,35,0,6,7,0,Dropout
0,27,4,6,6,3,Dropout
0,19,4,6,6,6,Graduate
0,18,5,6,6,5,Enrolled
0,39,0,5,5,0,Dropout
0,37,0,5,5,0,Dropout
0,37,0,8,8,0,Dropout
0,35,16,13,16,13,Graduate
0,49,10,9,13,6,Graduate
0,52,14,12,15,12,Graduate
0,18,5,5,5,5,Graduate
0,30,6,6,7,6,Graduate
0,21,7,8,7,8,Graduate
0,20,0,5,5,0,Dropout
1,18,0,5,5,0,Enrolled
0,19,0,0,0,0,Dropout
0,18,8,8,8,8,Graduate
0,20,7,7,7,4,Enrolled
0,21,5,6,6,4,Enrolled
0,22,3,5,5,5,Graduate
1,20,3,6,6,2,Enrolled
0,20,6,6,6,4,Enrolled
0,19,6,6,6,6,Graduate
0,18,7,8,7,8,Graduate
0,21,4,5,5,5,Graduate
1,19,0,7,7,2,Enrolled
0,37,0,6,6,0,Dropout
0,45,12,7,12,7,Enrolled
1,38,0,6,6,0,Dropout
0,55,0,5,5,0,Dropout
1,28,5,6,6,4,Dropout
0,46,8,9,8,5,Graduate
0,22,0,0,0,0,Graduate
0,46,5,6,6,4,Dropout
0,28,4,5,5,4,Enrolled
1,18,3,5,5,3,Dropout
0,18,0,0,0,0,Enrolled
0,21,6,6,6,6,Graduate
0,18,1,6,6,4,Enrolled
0,34,0,5,5,1,Dropout
0,21,5,6,6,5,Dropout
0,18,5,6,6,6,Graduate
0,20,0,0,0,0,Graduate
0,18,4,5,5,4,Enrolled
0,21,5,5,5,3,Enrolled
0,19,2,6,6,1,Dropout
0,22,6,6,6,6,Graduate
0,23,1,6,6,0,Dropout
0,19,0,0,0,0,Dropout
0,18,4,5,5,2,Enrolled
1,19,0,0,0,0,Dropout
0,19,2,5,5,4,Enrolled
0,19,4,5,5,4,Enrolled
0,22,6,8,7,6,Enrolled
0,18,6,6,6,6,Graduate
0,18,4,6,6,5,Dropout
1,19,4,6,6,3,Dropout
0,18,0,0,0,0,Graduate
0,21,6,6,6,4,Enrolled
0,18,5,6,6,3,Enrolled
0,19,6,6,6,5,Graduate
1,27,2,6,6,0,Dropout
1,20,11,10,12,8,Enrolled
0,20,4,6,6,6,Graduate
0,18,8,8,8,8,Graduate
0,18,6,6,6,5,Enrolled
0,18,6,6,6,6,Graduate
0,18,3,5,5,2,Dropout
0,18,5,5,5,5,Enrolled
0,18,6,8,7,8,Graduate
0,37,0,5,5,0,Dropout
0,36,6,6,6,6,Graduate
0,26,3,6,6,2,Dropout
0,19,4,5,5,4,Graduate
0,24,5,6,6,5,Dropout
0,19,6,6,6,6,Dropout
0,20,6,8,7,5,Graduate
0,19,6,6,6,5,Graduate
0,21,3,5,5,5,Graduate
0,50,6,7,7,4,Dropout
0,47,6,7,7,4,Dropout
0,24,10,13,13,9,Dropout
0,48,1,5,5,0,Dropout
0,18,6,6,6,5,Graduate
0,32,4,7,6,4,Dropout
0,20,3,5,5,4,Dropout
1,24,0,5,5,0,Dropout
0,53,4,5,5,4,Graduate
1,42,0,4,4,0,Dropout
0,52,5,5,5,5,Graduate
0,54,13,11,13,11,Enrolled
0,49,5,5,5,5,Graduate
0,18,6,6,6,6,Graduate
0,37,3,5,5,4,Graduate
0,21,6,8,7,7,Graduate
1,26,0,5,5,0,Dropout
0,20,11,12,12,11,Graduate
0,19,7,8,7,8,Graduate
0,18,6,6,6,6,Graduate
0,18,7,8,7,8,Graduate
0,20,5,6,6,6,Graduate
0,20,5,6,5,1,Dropout
0,21,0,0,0,0,Dropout
0,22,12,11,12,11,Graduate
0,18,7,8,7,8,Graduate
0,18,7,8,7,7,Dropout
0,19,7,8,8,7,Graduate
0,19,7,8,8,7,Enrolled
0,18,7,8,8,7,Graduate
0,27,5,5,5,5,Enrolled
0,20,7,8,7,8,Graduate
0,20,6,6,6,0,Dropout
0,20,5,5,5,5,Graduate
0,19,5,5,5,5,Graduate
0,20,4,5,5,2,Enrolled
0,20,0,0,0,0,Graduate
0,20,0,0,0,0,Enrolled
0,27,11,9,12,7,Graduate
0,18,6,6,6,6,Graduate
0,18,7,8,7,8,Graduate
0,18,7,8,7,8,Graduate
0,20,5,5,5,4,Graduate
0,19,6,6,6,5,Enrolled
0,20,6,6,6,6,Graduate
0,18,8,8,8,8,Graduate
1,22,5,9,7,5,Dropout
1,22,4,6,6,5,Graduate
0,25,4,5,5,4,Enrolled
0,19,6,6,6,6,Graduate
0,21,5,6,6,4,Dropout
0,27,7,8,7,8,Graduate
0,18,6,7,7,6,Graduate
0,18,5,6,5,0,Dropout
0,19,0,7,7,0,Dropout
0,35,4,5,5,5,Graduate
0,23,4,5,5,5,Graduate
0,28,3,7,7,0,Dropout
0,19,3,5,5,2,Enrolled
0,19,4,6,6,3,Enrolled
1,20,4,5,5,5,Dropout
0,21,3,5,5,4,Dropout
0,18,6,6,6,5,Graduate
0,22,6,6,6,6,Graduate
0,21,0,5,5,5,Graduate
1,38,3,5,7,0,Dropout
0,20,0,0,0,0,Enrolled
0,19,0,0,0,0,Dropout
0,24,0,5,5,0,Dropout
0,19,0,6,6,0,Dropout
0,19,7,8,7,8,Graduate
0,19,5,5,5,4,Enrolled
0,31,0,5,5,0,Dropout
0,19,6,6,6,6,Graduate
0,22,5,6,6,6,Graduate
0,25,0,5,5,0,Dropout
0,18,7,8,7,0,Dropout
0,30,0,8,8,0,Dropout
0,18,8,8,8,8,Graduate
0,18,6,6,6,6,Graduate
0,18,0,6,6,0,Dropout
0,18,6,6,6,6,Graduate
0,25,6,6,6,6,Graduate
0,18,2,5,5,3,Enrolled
0,18,0,0,0,0,Dropout
0,19,4,5,5,4,Enrolled
0,25,4,7,7,4,Dropout
0,19,6,7,7,6,Graduate
0,31,4,7,6,7,Enrolled
0,20,8,8,8,8,Graduate
0,33,5,6,7,5,Dropout
1,24,4,6,6,2,Enrolled
0,18,6,6,6,6,Graduate
0,19,8,8,8,8,Graduate
0,20,7,8,7,6,Graduate
0,33,1,8,8,1,Enrolled
0,24,0,5,5,2,Dropout
0,24,0,5,5,0,Dropout
0,18,5,5,5,5,Graduate
0,18,6,6,6,5,Graduate
0,22,11,12,12,12,Graduate
0,18,6,6,6,5,Graduate
0,21,17,17,17,17,Graduate
0,38,3,5,5,4,Dropout
0,29,16,13,16,13,Graduate
0,20,4,6,6,4,Enrolled
0,18,0,6,6,0,Dropout
0,37,12,13,12,13,Graduate
0,20,5,5,5,5,Graduate
0,20,4,5,5,3,Dropout
1,40,3,5,5,2,Dropout
0,44,9,11,11,9,Enrolled
0,21,2,5,5,3,Dropout
0,21,6,9,7,8,Graduate
0,18,8,8,8,8,Graduate
0,18,6,8,7,7,Enrolled
0,27,6,6,6,6,Graduate
0,38,0,6,6,0,Dropout
0,18,5,6,6,3,Dropout
0,19,5,6,6,2,Enrolled
0,18,6,6,6,5,Dropout
1,19,3,6,6,2,Dropout
1,44,1,6,6,0,Dropout
0,26,4,6,6,3,Dropout
1,24,5,6,6,4,Dropout
0,27,0,6,6,0,Dropout
1,27,0,6,6,0,Dropout
0,25,13,15,17,10,Dropout
0,21,7,8,9,4,Enrolled
0,19,0,0,0,0,Graduate
0,20,5,6,6,4,Enrolled
0,20,0,5,5,2,Enrolled
1,20,0,5,5,0,Dropout
0,18,5,5,5,5,Enrolled
1,19,10,11,12,10,Enrolled
0,22,3,6,6,0,Dropout
0,19,6,6,6,6,Graduate
0,18,7,8,7,7,Graduate
1,20,6,6,6,6,Graduate
0,18,0,0,0,0,Dropout
0,36,6,6,6,6,Graduate
1,19,3,5,5,4,Graduate
0,21,11,9,11,9,Graduate
0,26,0,5,5,0,Dropout
1,29,3,7,9,1,Dropout
0,26,8,6,8,6,Enrolled
0,27,0,8,7,0,Dropout
1,32,3,8,7,3,Enrolled
0,23,4,6,6,5,Enrolled
0,24,2,5,5,4,Enrolled
0,19,6,6,6,6,Graduate
0,25,5,6,6,4,Enrolled
0,19,5,6,6,3,Enrolled
0,20,0,4,4,0,Dropout
0,33,9,7,9,7,Graduate
1,35,5,5,5,5,Dropout
0,23,4,5,5,4,Graduate
0,19,7,8,7,8,Graduate
0,21,5,6,6,5,Enrolled
0,21,6,6,6,6,Graduate
0,27,7,8,8,7,Dropout
1,19,4,5,5,2,Enrolled
0,28,7,8,7,8,Dropout
0,25,3,5,5,4,Enrolled
0,42,0,6,6,0,Dropout
0,27,4,5,5,4,Graduate
0,23,4,6,6,0,Dropout
0,18,6,6,6,6,Graduate
0,26,7,8,8,7,Graduate
0,18,0,5,5,0,Dropout
1,29,3,5,5,2,Dropout
0,22,0,6,6,0,Dropout
0,21,4,7,7,6,Enrolled
0,19,7,8,8,7,Graduate
0,18,6,6,6,6,Graduate
0,18,3,5,5,3,Dropout
1,40,5,6,6,3,Dropout
1,20,3,6,6,0,Dropout
0,18,5,8,8,5,Dropout
0,31,12,10,12,7,Graduate
0,18,4,5,5,5,Graduate
0,22,6,6,6,4,Dropout
1,38,0,5,5,0,Dropout
0,33,0,5,5,0,Dropout
0,19,5,5,5,3,Enrolled
0,18,0,6,6,0,Dropout
0,18,5,5,5,4,Enrolled
0,27,6,5,6,5,Graduate
0,26,6,6,6,6,Graduate
0,19,7,8,7,8,Graduate
0,44,5,7,7,5,Dropout
0,19,5,5,5,5,Graduate
0,20,0,6,6,0,Dropout
1,24,6,6,6,6,Enrolled
0,31,13,14,14,13,Graduate
0,25,6,6,6,6,Graduate
1,19,0,6,6,0,Dropout
0,18,7,8,7,8,Dropout
0,19,5,6,6,3,Enrolled
0,19,4,7,7,5,Enrolled
0,19,1,5,5,0,Enrolled
0,24,2,6,6,2,Dropout
0,20,6,6,6,6,Graduate
0,18,6,6,6,6,Graduate
0,18,6,6,6,6,Graduate
0,21,3,5,5,2,Enrolled
1,28,0,7,7,0,Dropout
0,18,4,5,5,5,Enrolled
1,18,5,6,6,4,Dropout
0,18,6,6,6,5,Graduate
0,18,5,5,5,5,Graduate
0,19,3,5,5,3,Dropout
0,19,6,8,7,8,Graduate
1,20,5,6,6,6,Graduate
0,34,9,7,11,7,Graduate
0,39,5,7,7,5,Enrolled
0,19,8,8,8,8,Graduate
0,24,6,6,6,2,Graduate
0,18,0,6,6,0,Dropout
0,19,2,5,5,0,Dropout
0,18,5,5,5,3,Graduate
1,20,5,5,5,5,Enrolled
1,19,7,8,7,8,Graduate
0,19,4,6,6,2,Dropout
0,19,6,6,6,4,Dropout
0,41,4,5,5,2,Dropout
0,19,6,8,7,8,Graduate
0,19,3,6,6,4,Enrolled
0,23,0,8,7,0,Dropout
0,18,5,5,5,5,Dropout
0,19,5,5,5,5,Graduate
0,20,6,6,6,6,Graduate
1,35,2,5,5,2,Dropout
0,34,0,6,6,0,Dropout
1,19,6,6,6,6,Graduate
1,22,5,6,6,5,Graduate
0,20,6,6,6,6,Graduate
0,27,2,5,2,2,Enrolled
1,30,0,5,5,0,Dropout
0,34,0,5,5,1,Enrolled
0,20,2,6,6,0,Dropout
0,18,6,6,6,6,Graduate
0,26,0,5,5,0,Dropout
0,26,5,5,5,5,Graduate
0,26,2,5,5,0,Dropout
1,31,0,5,5,0,Dropout
0,20,12,11,12,11,Graduate
0,19,6,6,6,3,Graduate
1,23,0,5,5,0,Dropout
0,20,1,7,7,0,Dropout
0,20,7,10,7,9,Graduate
0,29,0,5,6,0,Dropout
0,20,6,6,6,4,Graduate
0,24,6,7,7,6,Graduate
0,37,0,7,7,0,Dropout
0,18,0,8,7,0,Dropout
1,18,0,0,0,0,Dropout
0,18,7,8,8,7,Graduate
1,41,5,6,7,6,Enrolled
0,35,4,6,6,3,Dropout
0,19,0,6,5,0,Dropout
0,18,0,0,0,0,Graduate
0,48,4,7,7,3,Enrolled
0,19,6,7,7,6,Graduate
0,30,6,8,9,4,Dropout
1,51,0,4,4,0,Dropout
0,18,6,6,6,5,Graduate
0,18,0,0,0,0,Graduate
0,18,0,0,0,0,Graduate
0,18,8,8,8,8,Graduate
0,18,4,5,5,0,Dropout
0,18,0,0,0,0,Enrolled
0,23,17,17,17,17,Graduate
0,19,2,6,6,3,Enrolled
0,21,4,6,6,2,Enrolled
1,18,5,6,6,4,Dropout
0,18,0,0,0,0,Graduate
0,21,10,9,11,8,Graduate
1,20,6,6,6,6,Graduate
0,24,9,10,11,9,Graduate
0,18,6,6,6,6,Graduate
0,18,6,7,7,6,Graduate
0,19,6,6,6,6,Graduate
0,20,6,6,6,6,Graduate
0,18,7,8,7,8,Graduate
0,18,7,8,8,7,Graduate
0,19,5,6,6,5,Enrolled
0,19,6,7,7,6,Graduate
0,18,5,6,6,5,Graduate
0,20,8,8,8,8,Graduate
0,18,7,8,7,8,Graduate
1,18,3,6,6,0,Dropout
0,18,5,6,6,5,Graduate
0,18,6,7,7,6,Graduate
0,18,6,7,7,6,Graduate
0,20,7,8,7,8,Graduate
0,22,5,6,6,5,Graduate
1,20,5,6,6,5,Enrolled
0,20,5,6,6,2,Enrolled
0,18,6,6,6,6,Graduate
0,18,5,6,6,3,Enrolled
0,18,5,5,5,4,Graduate
1,18,1,6,6,0,Dropout
0,19,8,6,8,5,Graduate
0,19,5,5,5,5,Graduate
0,18,6,6,6,6,Graduate
0,18,5,6,6,5,Enrolled
0,18,7,8,7,8,Graduate
0,18,7,8,7,8,Graduate
0,19,6,6,6,6,Graduate
0,18,5,6,6,4,Graduate
0,25,8,8,8,8,Graduate
0,19,6,8,7,7,Graduate
0,18,7,8,7,8,Graduate
0,19,6,6,6,4,Graduate
0,18,6,7,7,6,Graduate
0,24,5,6,6,1,Dropout
0,21,5,6,6,5,Graduate
0,18,6,6,6,6,Graduate
0,18,6,6,6,6,Graduate
0,20,6,6,6,6,Graduate
0,19,6,6,6,5,Graduate
0,19,6,6,6,6,Dropout
0,30,7,8,7,8,Graduate
0,18,8,8,8,8,Graduate
0,18,4,5,5,3,Graduate
0,18,6,6,6,6,Graduate
0,20,6,8,7,7,Graduate
0,19,0,6,6,0,Dropout
0,19,0,6,6,0,Dropout
0,19,0,0,0,0,Dropout
0,18,6,6,6,6,Graduate
0,17,5,8,8,5,Enrolled
0,19,6,7,7,6,Graduate
0,18,5,6,6,2,Enrolled
0,25,7,8,8,7,Graduate
0,19,5,6,6,6,Dropout
1,24,8,9,9,6,Enrolled
1,19,6,6,6,6,Graduate
0,20,0,8,8,0,Enrolled
0,20,5,6,6,5,Graduate
0,20,7,8,7,8,Graduate
0,19,4,5,5,3,Graduate
0,31,11,12,12,12,Graduate
0,20,3,5,5,3,Graduate
0,18,3,5,5,5,Enrolled
1,18,4,6,6,3,Enrolled
0,18,6,6,6,5,Graduate
1,20,8,10,11,3,Enrolled
0,20,6,6,6,6,Graduate
0,19,5,6,6,5,Dropout
0,21,5,5,5,5,Graduate
0,18,7,8,7,8,Graduate
0,21,10,11,10,10,Dropout
0,19,4,7,7,7,Enrolled
0,20,6,6,6,5,Graduate
0,20,6,6,6,3,Enrolled
0,18,5,6,6,6,Graduate
0,18,4,5,5,5,Graduate
0,18,6,6,6,6,Graduate
0,21,3,5,7,5,Graduate
0,18,6,7,7,6,Graduate
0,18,8,8,8,8,Graduate
0,20,4,6,6,4,Graduate
0,32,8,8,8,8,Graduate
0,34,0,5,5,0,Enrolled
0,23,6,8,7,8,Graduate
0,18,4,6,6,5,Enrolled
0,18,5,6,6,5,Graduate
0,34,0,0,0,0,Dropout
1,25,6,6,6,4,Enrolled
0,21,5,5,5,5,Graduate
0,20,0,6,6,0,Dropout
0,18,6,6,6,6,Graduate
0,18,6,6,6,6,Graduate
0,18,6,6,6,6,Graduate
0,24,1,6,6,0,Dropout
1,32,14,13,15,13,Graduate
1,24,6,6,6,3,Dropout
0,18,6,6,6,0,Dropout
0,28,6,6,6,5,Graduate
0,18,6,6,6,4,Dropout
0,24,0,5,6,0,Dropout
0,19,5,5,5,5,Graduate
0,44,6,6,6,6,Graduate
0,18,6,6,6,6,Graduate
0,18,0,0,0,0,Graduate
0,22,0,6,6,0,Dropout
0,18,6,7,7,6,Graduate
0,44,5,5,5,5,Graduate
1,33,5,6,6,5,Dropout
1,32,0,5,6,0,Dropout
0,35,0,6,6,0,Dropout
0,20,6,6,6,6,Graduate
0,24,5,6,6,5,Graduate
0,19,7,8,7,8,Graduate
0,21,5,6,6,5,Enrolled
0,19,6,6,6,6,Graduate
0,27,0,6,6,0,Dropout
0,30,0,6,6,0,Dropout
0,21,0,0,0,0,Dropout
0,19,6,6,6,6,Graduate
0,34,2,5,5,4,Enrolled
0,18,7,8,7,7,Graduate
0,21,0,0,0,0,Graduate
0,17,0,0,0,0,Enrolled
0,19,6,7,7,6,Graduate
0,18,6,6,6,6,Graduate
0,19,7,8,7,8,Graduate
1,45,5,8,10,0,Dropout
0,26,6,6,6,4,Graduate
0,51,0,5,4,0,Dropout
1,49,6,6,6,6,Graduate
0,22,3,7,6,4,Enrolled
0,22,2,5,5,1,Dropout
0,33,2,5,5,2,Dropout
0,20,5,5,5,4,Graduate
0,18,6,6,6,6,Graduate
1,20,3,6,6,2,Dropout
0,37,7,10,10,10,Graduate
0,18,6,6,6,6,Graduate
0,19,6,6,6,6,Graduate
0,21,6,6,6,4,Graduate
0,20,6,8,7,7,Graduate
0,19,0,8,7,0,Dropout
0,20,4,7,7,4,Dropout
0,18,7,8,7,8,Graduate
0,19,7,8,8,7,Graduate
0,18,4,6,6,5,Graduate
0,18,6,6,6,6,Graduate
0,18,2,1,5,0,Dropout
0,19,5,7,7,6,Enrolled
0,18,7,8,7,8,Graduate
0,19,6,6,6,6,Graduate
1,24,12,11,12,11,Graduate
0,20,6,6,6,2,Enrolled
0,21,5,5,5,4,Graduate
1,20,4,6,6,5,Dropout
0,19,7,8,7,8,Graduate
0,19,7,8,7,8,Graduate
0,18,7,8,8,7,Graduate
0,19,5,6,6,5,Graduate
0,21,5,5,5,5,Graduate
0,19,6,6,6,6,Graduate
0,18,6,6,6,6,Graduate
0,17,6,6,6,6,Graduate
0,19,5,6,6,5,Enrolled
0,23,3,5,5,3,Dropout
0,19,6,6,6,6,Graduate
0,18,6,7,7,6,Graduate
0,20,6,6,6,5,Graduate
0,19,5,5,5,5,Graduate
0,18,6,6,6,6,Graduate
0,19,6,6,6,6,Graduate
0,19,6,6,6,6,Graduate
0,18,8,8,8,8,Graduate
0,18,7,8,7,7,Graduate
0,19,6,7,7,6,Graduate
0,19,7,8,8,7,Graduate
0,19,6,7,7,6,Graduate
0,21,7,8,7,8,Graduate
0,18,6,6,6,6,Graduate
0,19,6,6,6,6,Graduate
0,18,0,4,4,0,Dropout
0,30,0,6,6,0,Dropout
0,18,6,6,6,5,Dropout
0,20,6,7,7,6,Graduate
1,25,5,5,5,5,Dropout
0,18,6,7,7,6,Graduate
0,21,5,5,5,3,Enrolled
0,18,7,8,8,7,Graduate
0,18,6,7,7,6,Graduate
0,29,6,6,6,5,Dropout
0,20,14,12,17,12,Graduate
0,26,0,8,7,0,Dropout
0,21,5,6,6,6,Graduate
0,19,8,8,8,8,Graduate
1,19,6,6,6,5,Dropout
0,21,5,6,6,5,Enrolled
1,20,4,6,6,4,Graduate
0,18,7,8,7,8,Graduate
0,20,4,6,6,3,Dropout
0,20,6,6,6,6,Graduate
0,18,5,7,7,2,Enrolled
0,18,1,6,6,4,Enrolled
0,18,6,6,6,5,Graduate
0,18,2,5,5,3,Enrolled
0,22,6,6,6,5,Graduate
0,19,1,5,5,3,Enrolled
0,19,6,6,6,6,Graduate
0,18,7,8,7,8,Graduate
1,20,6,6,6,6,Graduate
0,18,5,6,6,4,Dropout
0,21,0,6,6,0,Dropout
0,19,6,6,6,6,Graduate
0,18,8,8,8,8,Dropout
0,18,6,6,6,5,Graduate
0,18,0,0,0,0,Enrolled
1,21,2,6,6,0,Dropout
1,19,5,5,5,4,Graduate
0,19,5,5,5,5,Graduate
0,19,5,6,6,0,Dropout
0,18,0,0,0,0,Graduate
0,19,0,6,6,1,Dropout
0,20,6,8,7,8,Dropout
0,18,6,8,8,6,Dropout
0,19,0,0,0,0,Dropout
0,18,6,6,6,6,Graduate
0,18,6,6,6,4,Enrolled
0,19,6,6,6,6,Graduate
0,20,3,5,5,5,Graduate
0,19,7,8,7,8,Graduate
0,18,7,8,8,7,Graduate
1,25,0,6,6,0,Dropout
0,18,4,6,6,6,Graduate
0,19,6,6,6,6,Graduate
0,19,7,8,7,8,Graduate
1,20,2,5,5,2,Dropout
0,18,7,8,7,7,Enrolled
0,20,2,5,5,5,Graduate
0,21,6,6,6,6,Graduate
0,19,0,0,0,0,Graduate
0,42,6,6,6,6,Graduate
1,18,5,6,6,5,Enrolled
0,19,5,6,6,6,Graduate
0,18,6,6,6,4,Graduate
0,21,5,5,5,5,Graduate
0,20,6,6,6,6,Graduate
0,20,7,7,7,7,Graduate
0,21,3,6,6,5,Enrolled
0,19,7,8,7,8,Graduate
0,21,11,11,13,9,Graduate
0,19,6,6,6,6,Graduate
0,19,7,8,7,8,Graduate
0,18,0,0,0,0,Enrolled
0,22,6,6,6,6,Graduate
0,21,5,6,6,5,Graduate
0,18,2,6,6,3,Dropout
0,20,7,8,8,7,Graduate
1,18,3,5,5,4,Dropout
0,20,0,5,6,0,Dropout
0,23,6,8,7,7,Graduate
0,18,6,6,6,6,Graduate
0,20,6,6,6,6,Graduate
0,18,7,8,8,7,Graduate
0,20,4,5,5,5,Graduate
0,18,7,8,7,8,Graduate
0,20,6,6,6,6,Graduate
0,19,7,8,8,7,Graduate
0,21,6,6,6,6,Graduate
0,33,6,6,6,3,Graduate
1,24,1,5,5,0,Dropout
0,20,11,11,11,11,Graduate
0,18,0,0,0,0,Graduate
0,18,6,6,6,6,Graduate
1,29,4,6,6,2,Dropout
0,18,7,8,7,8,Graduate
0,19,6,6,6,6,Graduate
0,19,0,0,0,0,Dropout
0,18,5,6,6,6,Graduate
0,19,6,8,7,8,Graduate
0,20,12,12,14,10,Dropout
0,19,1,6,6,2,Enrolled
0,19,4,6,6,3,Graduate
0,18,6,6,6,5,Enrolled
0,18,8,8,8,8,Graduate
0,19,6,6,6,3,Graduate
1,20,5,6,6,6,Dropout
0,18,0,0,0,0,Enrolled
0,18,0,8,7,0,Dropout
1,35,5,6,6,4,Dropout
0,18,3,5,5,3,Enrolled
0,19,0,0,0,0,Graduate
0,19,4,6,6,6,Enrolled
0,20,2,5,5,4,Enrolled
0,19,3,6,6,4,Enrolled
0,19,3,5,5,2,Dropout
0,24,0,7,7,0,Dropout
1,29,4,6,6,0,Dropout
0,24,7,8,7,2,Graduate
0,19,5,6,6,4,Graduate
0,37,0,0,0,0,Dropout
0,18,5,6,6,5,Graduate
0,20,6,6,7,6,Enrolled
0,18,0,5,5,0,Dropout
0,22,0,5,5,3,Enrolled
0,22,3,5,5,3,Enrolled
1,18,0,6,6,0,Dropout
0,18,7,8,8,7,Graduate
0,19,6,6,6,6,Graduate
0,19,5,5,5,3,Enrolled
0,19,5,6,6,3,Dropout
1,21,6,6,6,6,Graduate
0,19,5,10,6,8,Enrolled
0,18,6,7,7,4,Graduate
0,19,5,5,5,3,Dropout
0,25,6,6,6,6,Graduate
0,22,6,6,6,6,Graduate
0,24,7,8,8,7,Graduate
0,19,7,8,7,7,Graduate
0,18,4,5,5,3,Enrolled
0,20,0,0,0,0,Dropout
0,19,7,8,8,7,Graduate
0,19,2,6,6,4,Dropout
0,19,5,6,6,5,Graduate
1,23,0,6,6,0,Dropout
0,47,5,6,6,4,Dropout
0,19,6,6,6,4,Graduate
0,19,0,0,0,0,Graduate
0,18,0,0,0,0,Dropout
0,28,2,5,5,0,Dropout
0,20,4,6,6,3,Dropout
0,18,3,6,6,4,Enrolled
0,21,0,0,0,0,Graduate
0,19,4,6,6,2,Enrolled
1,24,0,6,6,0,Dropout
0,24,6,6,6,3,Enrolled
1,25,0,6,6,0,Enrolled
0,28,6,6,6,5,Graduate
0,37,4,5,5,3,Enrolled
0,19,5,5,5,2,Enrolled
0,18,7,8,7,8,Graduate
0,48,3,6,6,1,Dropout
0,21,6,6,6,6,Graduate
0,19,6,7,7,6,Enrolled
0,21,0,8,8,0,Enrolled
1,23,0,5,5,0,Dropout
0,18,5,5,5,4,Graduate
0,22,6,6,6,2,Dropout
0,25,10,11,13,7,Dropout
1,27,8,11,13,5,Dropout
0,49,0,5,5,0,Dropout
0,31,2,5,5,0,Dropout
0,54,6,6,6,5,Dropout
1,25,21,16,21,12,Dropout
0,20,3,6,7,2,Enrolled
0,28,2,6,6,3,Dropout
0,41,7,6,7,6,Graduate
0,19,6,6,6,6,Enrolled
0,22,0,5,5,2,Dropout
0,34,2,6,6,0,Dropout
1,28,11,10,11,10,Dropout
0,42,5,6,6,5,Enrolled
0,21,5,6,6,4,Enrolled
0,50,2,6,6,1,Dropout
0,19,0,5,5,0,Dropout
0,18,4,7,7,3,Dropout
0,59,0,5,5,0,Dropout
0,33,0,5,5,0,Dropout
0,23,6,6,6,5,Graduate
0,44,3,5,5,5,Dropout
0,37,0,6,6,0,Dropout
0,36,0,0,0,0,Dropout
0,22,3,5,5,2,Dropout
0,49,6,6,6,6,Graduate
0,23,6,6,6,4,Graduate
0,19,5,6,6,3,Enrolled
0,47,6,6,6,0,Dropout
0,28,17,12,18,12,Graduate
0,21,4,6,6,4,Enrolled
1,21,5,6,6,5,Dropout
0,21,10,10,11,10,Graduate
0,20,6,6,6,4,Enrolled
0,49,0,5,5,0,Dropout
0,40,5,5,5,5,Graduate
0,22,6,6,6,6,Graduate
0,19,4,5,5,2,Enrolled
0,31,0,5,5,0,Dropout
0,30,2,6,6,2,Dropout
0,19,5,6,6,5,Graduate
0,22,3,5,5,3,Dropout
0,19,6,6,6,6,Graduate
0,21,0,0,0,0,Dropout
0,19,6,6,6,6,Graduate
0,22,0,5,5,1,Dropout
0,22,5,6,6,5,Graduate
0,19,4,6,6,6,Graduate
0,26,0,6,6,0,Dropout
0,23,3,6,7,1,Enrolled
0,18,6,6,6,5,Enrolled
1,22,5,5,5,2,Enrolled
0,19,5,5,5,5,Enrolled
0,20,0,5,5,0,Dropout
0,22,6,6,6,6,Enrolled
0,18,2,5,5,0,Dropout
0,39,0,4,2,0,Dropout
0,18,0,8,8,0,Dropout
0,18,5,5,5,5,Graduate
0,19,6,6,6,6,Graduate
0,18,6,8,7,8,Graduate
0,18,4,5,5,0,Dropout
0,22,4,5,5,5,Graduate
0,19,6,6,6,6,Graduate
0,18,5,5,5,5,Dropout
1,31,2,5,5,2,Dropout
0,28,0,5,5,0,Dropout
0,19,0,6,6,0,Dropout
0,20,6,6,6,6,Graduate
0,50,4,6,6,0,Dropout
0,38,5,6,6,4,Enrolled
0,31,1,5,5,1,Dropout
0,27,7,7,7,7,Enrolled
0,21,6,6,6,6,Graduate
0,34,1,5,5,0,Dropout
0,19,0,5,5,1,Enrolled
0,40,2,5,5,3,Dropout
0,18,0,0,0,0,Graduate
1,46,0,6,6,0,Dropout
0,37,0,5,6,0,Dropout
0,31,0,6,6,0,Dropout
0,34,5,6,6,5,Graduate
0,18,0,0,0,0,Dropout
0,18,6,6,6,6,Graduate
0,19,6,6,6,6,Graduate
0,40,4,8,5,5,Dropout
0,25,0,6,6,0,Dropout
1,20,4,6,5,3,Dropout
0,20,5,5,5,5,Enrolled
0,43,0,6,6,0,Dropout
0,18,4,5,5,3,Enrolled
0,35,18,13,18,12,Graduate
0,23,4,5,5,5,Graduate
0,19,7,9,7,8,Graduate
0,21,9,9,11,7,Graduate
0,19,4,6,6,4,Enrolled
0,20,5,5,5,5,Graduate
0,30,0,6,6,0,Dropout
0,44,6,6,6,6,Graduate
0,19,7,8,8,7,Graduate
0,22,12,12,18,10,Graduate
0,18,4,5,5,5,Graduate
0,21,4,6,6,5,Graduate
0,18,0,6,6,0,Dropout
0,18,6,6,6,6,Graduate
0,19,0,0,0,0,Graduate
0,21,4,6,6,4,Dropout
0,31,6,6,6,6,Graduate
0,21,4,6,6,2,Dropout
1,24,1,5,5,1,Enrolled
0,27,0,5,4,0,Dropout
0,20,3,5,5,5,Graduate
0,22,0,5,5,2,Enrolled
0,19,4,6,6,4,Enrolled
0,19,6,6,6,6,Graduate
1,23,13,17,17,11,Enrolled
0,18,6,6,6,6,Graduate
0,29,6,6,6,5,Enrolled
0,29,1,5,5,3,Dropout
0,20,6,6,6,5,Enrolled
0,19,0,0,0,0,Graduate
0,22,0,0,0,0,Enrolled
0,20,5,6,6,6,Enrolled
0,24,4,5,5,3,Enrolled
0,21,4,6,6,5,Dropout
0,25,4,5,5,4,Graduate
0,32,0,5,5,0,Dropout
0,26,8,8,12,3,Dropout
0,18,6,6,6,6,Graduate
0,19,5,6,6,6,Graduate
0,19,6,6,6,6,Graduate
0,27,6,5,6,5,Dropout
1,21,10,12,12,9,Enrolled
0,20,4,5,5,0,Enrolled
0,21,6,6,6,6,Graduate
0,22,5,6,6,3,Enrolled
1,19,0,0,0,0,Graduate
0,18,4,5,5,2,Dropout
0,28,0,5,5,0,Dropout
1,25,6,7,10,4,Dropout
0,25,8,13,14,10,Dropout
0,18,2,5,5,3,Enrolled
0,26,0,6,6,0,Dropout
0,18,5,5,5,5,Graduate
0,22,3,6,6,3,Enrolled
0,25,0,6,6,0,Dropout
0,19,5,6,6,5,Enrolled
0,19,6,6,6,6,Graduate
0,19,7,8,7,8,Graduate
0,45,4,8,8,4,Dropout
0,52,5,5,5,5,Graduate
0,20,3,5,5,3,Dropout
0,19,7,8,8,7,Graduate
1,21,4,7,7,4,Dropout
0,35,6,6,6,6,Graduate
0,36,0,0,0,0,Graduate
1,47,0,8,7,0,Dropout
0,22,0,5,5,0,Dropout
0,41,4,5,5,3,Dropout
0,26,0,5,5,0,Dropout
0,51,4,6,6,0,Dropout
0,43,3,5,5,4,Enrolled
0,41,5,6,6,3,Graduate
0,23,8,10,10,10,Graduate
0,22,0,5,6,0,Dropout
0,25,4,6,6,4,Dropout
0,25,15,14,15,14,Graduate
0,22,11,11,12,11,Graduate
0,24,7,6,7,5,Enrolled
0,47,0,6,6,0,Dropout
0,41,0,5,5,0,Dropout
0,43,6,6,6,5,Graduate
0,29,0,4,3,0,Dropout
0,30,0,2,2,0,Dropout
0,26,0,5,4,0,Dropout
0,27,0,5,5,0,Dropout
0,36,5,5,5,5,Graduate
0,29,6,7,9,6,Dropout
0,35,7,8,10,5,Dropout
0,18,4,6,6,5,Graduate
0,24,5,5,5,5,Graduate
0,18,6,6,6,6,Dropout
0,18,4,5,5,3,Enrolled
0,21,0,5,5,3,Enrolled
0,21,5,5,5,5,Graduate
0,32,13,12,18,12,Graduate
0,22,3,6,5,3,Dropout
0,32,11,12,17,10,Dropout
0,35,1,5,5,0,Dropout
0,23,0,5,5,0,Dropout
0,39,5,6,6,3,Enrolled
0,35,0,5,5,1,Dropout
0,32,6,12,6,12,Graduate
0,20,0,6,6,0,Dropout
0,34,6,7,7,4,Enrolled
0,44,7,5,7,5,Dropout
0,53,2,9,11,3,Graduate
1,28,0,5,5,0,Dropout
0,31,9,5,9,5,Dropout
1,18,0,0,0,0,Enrolled
1,44,4,6,7,0,Dropout
0,19,5,5,5,4,Graduate
0,21,12,11,12,11,Enrolled
0,18,0,5,5,0,Dropout
0,20,6,6,6,6,Graduate
0,55,6,6,6,6,Graduate
0,27,3,5,5,1,Enrolled
0,19,0,5,5,0,Dropout
0,18,5,5,5,5,Graduate
0,43,4,6,6,0,Dropout
0,18,0,6,6,0,Dropout
0,18,0,0,0,0,Dropout
1,20,0,6,6,0,Dropout
1,29,4,5,5,4,Dropout
1,44,5,6,6,0,Dropout
0,18,4,5,5,1,Enrolled
0,20,5,6,6,6,Enrolled
0,20,4,9,6,3,Dropout
0,36,0,5,4,0,Dropout
0,19,5,6,6,2,Enrolled
0,29,0,5,5,0,Dropout
0,18,4,6,6,3,Dropout
0,24,0,6,6,0,Dropout
0,20,6,6,6,6,Graduate
1,45,0,5,6,0,Dropout
0,28,20,23,23,20,Graduate
0,23,6,6,6,5,Enrolled
0,18,7,8,7,7,Graduate
0,23,3,5,5,3,Dropout
0,22,0,0,0,0,Enrolled
0,22,6,6,6,5,Graduate
0,33,5,5,5,5,Graduate
0,21,10,12,12,11,Graduate
0,45,5,5,5,5,Graduate
0,44,4,7,10,1,Dropout
0,42,0,6,6,0,Dropout
0,20,0,5,5,0,Dropout
0,20,3,5,5,2,Enrolled
0,20,6,6,6,6,Graduate
0,20,3,6,6,4,Enrolled
0,19,5,5,5,2,Enrolled
1,26,4,10,8,7,Dropout
0,31,6,6,6,5,Graduate
1,19,6,6,6,6,Graduate
0,28,6,6,6,6,Graduate
0,20,0,0,0,0,Graduate
0,43,6,6,6,6,Graduate
0,25,0,0,0,0,Dropout
1,40,2,6,6,1,Dropout
0,20,6,6,6,5,Graduate
0,46,3,6,6,6,Graduate
0,26,20,14,21,14,Graduate
0,34,6,8,7,7,Graduate
0,19,0,6,6,0,Dropout
0,18,7,8,8,7,Graduate
0,18,7,8,7,8,Graduate
0,37,6,6,7,5,Graduate
0,23,0,0,0,0,Graduate
0,26,14,13,14,13,Graduate
0,18,5,6,6,0,Dropout
0,18,4,7,7,5,Enrolled
0,19,7,8,7,8,Graduate
0,18,6,6,6,6,Graduate
0,19,6,6,6,5,Dropout
0,20,4,5,5,1,Enrolled
0,22,6,6,6,4,Graduate
0,18,7,8,8,7,Graduate
0,18,6,6,6,6,Graduate
0,18,6,6,6,6,Graduate
0,18,6,6,6,6,Graduate
0,18,6,6,6,6,Graduate
0,19,7,8,7,7,Graduate
0,20,0,6,6,0,Dropout
0,19,6,6,6,0,Dropout
0,18,6,6,6,3,Graduate
0,18,6,6,6,6,Dropout
0,18,7,8,7,8,Graduate
0,18,6,6,6,6,Graduate
0,18,5,5,5,4,Graduate
1,18,6,6,6,6,Graduate
0,20,6,6,6,6,Graduate
0,19,3,6,6,6,Graduate
0,18,6,6,6,6,Enrolled
0,19,6,6,6,6,Graduate
0,19,5,6,6,4,Enrolled
0,19,5,5,5,5,Enrolled
0,19,6,6,6,6,Graduate
1,20,6,6,6,5,Graduate
0,18,4,5,5,5,Graduate
0,33,2,5,5,0,Dropout
0,19,6,6,7,0,Dropout
0,18,7,8,7,8,Graduate
0,19,0,6,6,0,Dropout
0,19,3,6,6,4,Enrolled
0,18,6,6,6,6,Graduate
0,20,6,6,6,6,Graduate
0,19,8,8,8,8,Graduate
0,18,6,6,6,6,Graduate
1,19,2,6,6,0,Dropout
0,25,15,13,16,11,Graduate
0,20,6,6,6,6,Enrolled
0,19,6,6,6,6,Graduate
1,33,2,5,5,0,Dropout
1,18,3,5,5,3,Enrolled
0,18,4,5,5,2,Enrolled
0,19,4,5,5,5,Graduate
0,18,0,0,0,0,Enrolled
0,19,5,5,5,2,Enrolled
0,18,6,6,6,6,Dropout
0,18,6,6,6,5,Graduate
0,18,8,8,8,8,Graduate
0,37,2,7,7,0,Dropout
0,20,1,5,6,0,Enrolled
0,20,6,6,6,6,Graduate
0,21,6,6,6,6,Graduate
0,18,7,8,7,8,Graduate
0,26,3,6,6,5,Enrolled
1,41,5,5,5,5,Enrolled
0,18,6,6,6,6,Graduate
1,18,8,8,8,8,Graduate
0,31,7,8,7,8,Graduate
1,23,6,6,6,6,Graduate
0,19,6,7,7,6,Graduate
0,20,6,6,6,6,Graduate
0,40,9,7,9,7,Graduate
1,32,4,6,6,3,Dropout
0,24,2,6,6,1,Dropout
0,18,6,7,7,6,Graduate
0,18,6,6,6,6,Graduate
0,18,6,6,6,6,Graduate
0,27,0,6,6,0,Dropout
0,18,5,5,5,5,Graduate
0,26,4,5,5,4,Enrolled
0,19,6,6,6,6,Graduate
0,19,5,6,6,6,Graduate
0,21,3,5,5,3,Enrolled
0,24,2,5,5,1,Enrolled
0,20,3,6,6,2,Dropout
0,18,5,6,6,5,Enrolled
0,30,0,6,6,0,Dropout
1,22,6,7,7,6,Enrolled
0,21,9,10,9,10,Graduate
0,26,6,8,7,8,Dropout
0,23,2,5,5,1,Enrolled
0,18,6,6,6,6,Graduate
1,21,5,6,6,5,Dropout
0,18,0,0,0,0,Dropout
0,21,2,5,5,4,Enrolled
0,18,5,6,6,5,Enrolled
0,19,6,6,6,5,Dropout
0,22,4,6,6,3,Enrolled
0,19,6,6,6,6,Graduate
0,19,0,5,5,0,Dropout
0,19,2,6,6,1,Dropout
0,27,3,5,5,5,Graduate
0,22,5,5,5,5,Graduate
0,18,5,6,6,6,Dropout
0,20,6,6,6,4,Graduate
0,34,3,7,8,2,Dropout
0,18,6,8,7,8,Graduate
0,20,4,6,6,4,Graduate
0,20,5,5,5,5,Graduate
0,25,0,5,5,0,Dropout
0,18,5,5,5,3,Dropout
0,18,5,6,6,4,Dropout
0,18,5,6,6,0,Dropout
0,19,5,6,6,5,Graduate
0,19,6,6,6,5,Dropout
0,21,6,6,6,6,Graduate
0,29,9,11,10,10,Enrolled
0,20,6,6,6,6,Graduate
1,21,11,11,13,10,Graduate
0,34,2,1,2,1,Dropout
0,20,6,6,6,6,Graduate
0,24,0,5,5,1,Dropout
0,18,7,8,7,8,Graduate
0,19,7,7,7,7,Enrolled
0,18,4,5,5,4,Enrolled
0,28,4,5,5,5,Enrolled
0,28,2,5,5,1,Dropout
0,20,4,6,6,0,Dropout
0,22,8,8,8,8,Graduate
0,19,7,8,8,7,Graduate
0,20,6,6,6,4,Enrolled
0,26,2,5,7,0,Dropout
0,21,3,6,6,0,Dropout
0,18,0,0,0,0,Graduate
0,18,5,5,5,5,Graduate
0,22,17,17,17,17,Graduate
0,36,0,5,5,0,Dropout
0,20,6,6,6,6,Graduate
0,20,3,6,6,0,Dropout
0,25,4,5,5,3,Dropout
0,35,5,6,6,5,Graduate
0,22,0,0,0,0,Dropout
0,26,7,8,7,7,Enrolled
1,20,4,6,6,2,Dropout
0,50,6,11,13,2,Dropout
0,20,5,8,8,5,Dropout
0,20,5,8,7,8,Enrolled
0,35,5,6,6,1,Dropout
0,19,6,6,6,6,Graduate
0,43,0,5,5,0,Dropout
0,19,7,8,8,7,Graduate
0,25,6,8,8,6,Graduate
0,19,0,0,0,0,Graduate
0,20,6,6,6,6,Enrolled
0,22,0,0,0,0,Dropout
0,19,6,6,6,5,Dropout
0,32,4,5,5,4,Dropout
0,57,5,6,6,6,Graduate
0,20,4,7,7,4,Dropout
0,38,0,5,5,0,Dropout
0,45,5,5,5,5,Graduate
1,43,2,6,6,4,Dropout
0,19,6,6,6,6,Graduate
0,49,2,5,5,1,Dropout
0,43,7,8,8,7,Enrolled
0,34,4,5,6,0,Dropout
1,18,4,5,5,5,Enrolled
0,43,5,5,5,5,Graduate
0,21,3,6,6,1,Dropout
0,40,3,5,5,4,Enrolled
0,19,4,6,6,6,Graduate
0,27,6,6,6,4,Enrolled
0,43,0,8,7,2,Dropout
0,31,5,5,5,5,Graduate
1,26,0,6,6,0,Enrolled
0,34,5,5,5,5,Graduate
0,30,12,14,14,12,Graduate
0,36,6,8,7,0,Dropout
1,46,0,5,5,1,Dropout
0,22,3,5,5,3,Graduate
0,27,0,6,6,0,Dropout
0,20,5,5,5,3,Enrolled
0,20,5,5,5,3,Enrolled
1,31,0,5,4,0,Dropout
1,20,0,5,5,0,Enrolled
0,21,2,6,6,0,Dropout
0,21,4,5,5,2,Dropout
0,19,5,5,5,4,Graduate
0,20,5,5,5,4,Graduate
0,18,6,6,6,6,Graduate
0,18,6,6,6,6,Graduate
1,30,4,7,7,6,Enrolled
1,34,0,6,6,0,Dropout
1,21,4,6,6,4,Enrolled
0,20,5,9,7,8,Dropout
0,18,7,8,8,7,Graduate
1,21,0,0,0,0,Dropout
0,26,1,6,6,0,Dropout
1,20,0,5,5,0,Dropout
0,25,3,6,6,4,Dropout
0,19,0,5,5,0,Enrolled
0,24,3,5,5,1,Dropout
0,20,4,5,5,5,Graduate
0,20,0,5,5,0,Dropout
0,18,6,6,6,6,Graduate
0,25,7,8,7,7,Enrolled
0,22,5,6,6,6,Graduate
0,41,0,6,6,0,Dropout
1,19,2,5,5,0,Dropout
0,21,6,6,6,5,Graduate
1,30,6,6,6,6,Dropout
0,21,5,8,7,7,Graduate
0,26,0,8,7,0,Enrolled
0,21,7,6,7,6,Graduate
0,18,7,8,8,7,Graduate
0,19,6,6,6,6,Graduate
0,18,6,6,6,6,Graduate
0,19,3,5,5,4,Enrolled
0,21,4,6,6,3,Enrolled
0,18,2,5,5,2,Dropout
0,24,6,8,8,6,Graduate
0,21,1,5,5,2,Enrolled
0,23,5,6,6,6,Graduate
0,18,7,8,8,7,Graduate
0,26,6,6,6,5,Enrolled
0,20,4,5,5,5,Graduate
0,18,6,6,6,6,Graduate
0,20,6,6,6,6,Graduate
0,20,7,8,8,7,Enrolled
0,18,2,6,6,3,Enrolled
0,22,5,6,6,5,Graduate
1,20,6,7,7,6,Graduate
0,19,7,8,7,8,Graduate
1,18,6,6,6,4,Dropout
0,18,5,5,5,5,Graduate
0,19,4,5,5,5,Graduate
0,19,6,6,6,6,Graduate
0,24,6,6,6,6,Graduate
0,21,6,6,6,6,Graduate
0,20,6,6,6,6,Graduate
1,28,6,6,6,5,Dropout
0,21,6,6,6,6,Graduate
1,20,7,8,7,6,Enrolled
0,36,0,6,6,0,Dropout
0,42,0,5,4,0,Dropout
0,47,4,5,5,5,Dropout
0,25,0,5,5,0,Dropout
0,25,6,6,6,6,Graduate
0,48,0,5,6,0,Dropout
0,32,10,10,10,10,Graduate
0,38,10,10,10,5,Dropout
0,37,15,11,16,9,Graduate
0,26,1,5,5,1,Dropout
0,23,0,6,6,0,Dropout
0,23,0,6,6,0,Enrolled
0,20,4,6,6,4,Enrolled
0,26,6,8,7,7,Dropout
0,45,8,7,9,6,Enrolled
0,26,3,6,6,3,Enrolled
0,26,10,7,11,7,Graduate
0,25,3,5,5,3,Enrolled
0,18,8,8,8,8,Graduate
0,27,7,8,8,7,Graduate
0,24,0,5,5,0,Dropout
0,20,5,5,5,5,Graduate
0,18,0,7,7,1,Dropout
0,18,7,8,7,8,Graduate
0,18,8,8,8,8,Graduate
0,19,5,8,8,5,Enrolled
0,19,8,8,8,8,Graduate
0,19,5,7,7,7,Enrolled
0,18,7,8,8,7,Graduate
0,18,0,0,0,0,Enrolled
0,19,4,6,5,5,Enrolled
0,23,17,12,17,12,Graduate
0,21,5,6,6,5,Graduate
0,18,7,8,7,8,Graduate
1,20,3,6,6,1,Dropout
0,23,3,6,6,2,Enrolled
0,20,5,6,6,6,Enrolled
0,18,6,6,6,6,Graduate
0,29,11,7,11,7,Graduate
0,28,3,6,6,1,Dropout
0,19,3,5,5,4,Enrolled
1,24,0,6,6,0,Dropout
1,33,0,0,0,0,Dropout
0,19,2,5,5,1,Dropout
0,19,6,6,6,6,Graduate
0,37,8,7,9,7,Graduate
1,18,0,0,0,0,Graduate
0,29,0,5,5,0,Enrolled
0,37,7,8,7,8,Graduate
0,36,0,8,7,0,Dropout
0,19,6,6,6,5,Graduate
0,33,14,14,14,14,Graduate
0,34,5,7,7,3,Dropout
0,18,6,6,6,6,Graduate
0,20,0,6,6,0,Dropout
0,19,6,6,6,6,Graduate
0,20,6,6,6,6,Graduate
0,19,6,6,6,6,Graduate
0,19,6,8,7,6,Graduate
0,22,5,6,6,6,Graduate
0,18,6,6,6,6,Enrolled
0,18,6,6,6,6,Graduate
0,19,4,7,7,6,Enrolled
0,19,6,6,6,6,Graduate
1,31,5,7,7,5,Dropout
0,18,7,8,7,8,Graduate
1,19,3,6,6,4,Graduate
0,18,0,0,0,0,Graduate
0,19,5,6,6,6,Graduate
0,19,6,7,7,6,Graduate
0,19,4,5,5,4,Enrolled
0,30,9,7,10,7,Graduate
0,18,0,6,6,3,Enrolled
0,18,7,8,8,7,Graduate
0,21,0,5,5,0,Dropout
0,19,6,6,6,6,Graduate
0,19,6,6,6,5,Enrolled
0,19,5,7,7,5,Enrolled
0,19,6,6,6,4,Dropout
0,19,6,6,6,5,Graduate
0,39,4,5,5,2,Graduate
0,18,6,6,6,6,Enrolled
0,20,0,0,0,0,Dropout
0,19,5,5,5,4,Graduate
0,18,5,5,5,4,Enrolled
1,34,6,6,6,6,Enrolled
0,22,3,5,5,2,Enrolled
0,24,6,6,6,5,Graduate
0,34,12,13,15,11,Graduate
0,46,0,5,5,0,Dropout
0,50,3,5,5,5,Enrolled
0,37,0,5,5,0,Dropout
0,18,6,6,6,6,Graduate
0,25,3,6,6,2,Enrolled
0,46,19,13,19,13,Graduate
0,30,6,6,6,5,Graduate
1,37,0,5,5,0,Dropout
0,50,2,5,5,3,Enrolled
0,20,6,6,6,6,Graduate
0,39,1,2,3,0,Dropout
0,53,0,4,5,0,Dropout
0,54,13,13,15,10,Dropout
0,19,4,6,6,5,Graduate
0,20,0,6,6,0,Dropout
1,18,6,6,6,6,Graduate
1,21,11,11,13,11,Graduate
0,18,6,6,6,6,Graduate
1,19,0,8,7,0,Dropout
0,18,5,7,7,7,Dropout
0,19,6,6,6,6,Graduate
0,18,0,0,0,0,Dropout
0,19,5,6,6,5,Graduate
0,48,5,6,6,4,Enrolled
1,34,4,6,6,4,Graduate
0,18,5,5,5,5,Graduate
0,50,6,6,6,6,Graduate
1,41,21,19,21,19,Graduate
0,22,5,6,6,5,Dropout
0,43,5,5,5,5,Graduate
0,50,0,6,1,0,Dropout
0,60,6,6,6,4,Graduate
0,41,4,5,5,5,Enrolled
0,47,5,5,5,5,Graduate
0,22,17,17,17,17,Graduate
0,41,0,8,7,0,Dropout
0,28,6,10,10,9,Enrolled
0,32,13,15,15,13,Graduate
0,50,0,5,5,0,Dropout
0,53,15,13,15,12,Enrolled
1,54,0,5,7,0,Dropout
0,49,5,6,6,4,Enrolled
0,34,11,13,12,8,Dropout
0,45,4,6,6,3,Dropout
0,47,5,6,6,4,Graduate
0,22,8,7,10,5,Enrolled
0,33,1,5,5,2,Dropout
0,43,6,6,6,6,Graduate
0,54,13,12,13,12,Graduate
0,39,11,8,11,8,Graduate
0,39,5,5,5,5,Graduate
0,18,6,6,6,6,Graduate
0,19,6,6,6,6,Graduate
0,18,6,6,6,5,Graduate
0,44,8,6,8,6,Graduate
0,27,0,5,5,0,Dropout
0,18,6,6,6,6,Graduate
0,45,9,7,12,6,Dropout
0,20,6,6,6,5,Graduate
0,40,6,6,6,6,Graduate
0,40,4,5,5,5,Enrolled
0,18,7,8,7,8,Graduate
0,21,7,8,8,7,Graduate
0,20,0,0,0,0,Graduate
0,36,11,12,12,12,Enrolled
0,27,0,6,5,0,Dropout
0,32,7,8,7,8,Graduate
0,18,6,6,6,6,Graduate
0,37,4,6,6,3,Dropout
0,19,6,6,6,6,Graduate
0,41,6,6,6,6,Graduate
0,18,6,7,7,6,Graduate
0,21,8,7,9,7,Graduate
1,23,5,6,6,4,Dropout
0,18,0,6,6,0,Dropout
0,18,8,8,8,8,Graduate
0,21,0,6,6,0,Dropout
0,19,6,6,6,6,Graduate
0,47,0,5,5,0,Dropout
0,48,6,6,6,5,Enrolled
0,39,12,10,13,10,Graduate
0,19,6,8,7,7,Graduate
0,38,14,14,15,12,Dropout
1,27,0,6,6,0,Dropout
0,18,0,0,0,0,Graduate
0,34,4,6,6,0,Enrolled
0,48,6,6,6,5,Dropout
0,25,1,5,5,0,Dropout
0,32,7,8,8,7,Graduate
0,18,6,6,6,6,Graduate
1,20,6,6,6,6,Graduate
0,20,4,5,5,5,Graduate
0,20,0,0,0,0,Dropout
0,19,1,8,8,1,Enrolled
0,39,0,5,5,2,Dropout
1,29,1,5,5,0,Dropout
1,36,0,5,5,0,Dropout
0,18,7,8,8,7,Graduate
0,51,0,6,6,0,Dropout
1,23,1,6,6,4,Dropout
0,21,0,6,6,0,Dropout
0,28,4,5,6,0,Dropout
0,34,4,5,5,4,Enrolled
0,41,0,6,2,0,Dropout
0,43,5,6,6,6,Graduate
0,28,7,8,7,8,Enrolled
0,19,12,11,12,11,Graduate
0,26,6,12,12,11,Graduate
0,18,7,8,7,8,Graduate
0,45,4,7,7,3,Dropout
0,19,0,6,6,0,Dropout
0,20,6,6,6,6,Graduate
0,18,6,6,6,6,Graduate
0,27,3,6,6,1,Dropout
0,20,6,6,6,5,Graduate
0,18,6,6,6,6,Graduate
0,35,5,5,5,3,Enrolled
0,26,0,0,0,0,Dropout
0,39,6,6,6,5,Graduate
0,18,0,0,0,0,Graduate
0,36,0,7,7,0,Dropout
0,38,11,8,11,8,Graduate
0,45,3,6,6,2,Dropout
0,62,6,6,6,6,Graduate
0,20,4,6,6,6,Graduate
0,18,7,8,8,7,Graduate
0,18,2,6,6,1,Dropout
0,23,5,5,5,4,Graduate
1,19,6,6,6,6,Dropout
1,19,5,5,5,5,Graduate
0,18,7,8,7,8,Graduate
0,18,0,8,8,0,Enrolled
0,41,4,6,6,6,Graduate
0,51,5,6,6,5,Graduate
0,24,10,7,10,4,Graduate
0,25,1,5,5,2,Dropout
0,18,3,5,5,4,Enrolled
0,20,4,5,5,3,Graduate
0,19,0,0,0,0,Dropout
0,41,10,10,10,10,Graduate
0,19,6,6,6,6,Graduate
0,28,14,17,18,16,Dropout
0,21,6,6,6,5,Graduate
0,22,4,5,5,4,Dropout
0,18,6,6,6,6,Graduate
0,19,6,6,6,6,Graduate
0,19,7,8,7,8,Graduate
1,25,6,6,6,6,Graduate
0,18,6,7,7,6,Graduate
0,19,6,6,6,6,Graduate
0,20,4,6,6,4,Enrolled
0,46,6,6,6,6,Graduate
0,19,12,11,12,11,Graduate
0,18,4,6,6,5,Enrolled
0,18,6,6,6,4,Graduate
0,19,7,8,8,7,Graduate
0,20,0,6,6,0,Dropout
0,38,5,6,6,6,Graduate
0,18,6,6,6,6,Graduate
0,18,7,8,7,8,Graduate
0,18,5,6,6,5,Graduate
0,20,4,5,5,4,Enrolled
0,19,6,6,6,6,Graduate
0,37,0,5,4,0,Dropout
0,24,7,8,8,7,Enrolled
0,19,7,8,7,7,Graduate
0,19,6,6,6,5,Dropout
0,19,7,8,7,8,Dropout
1,18,5,5,5,5,Graduate
0,18,7,8,7,8,Graduate
0,18,4,5,5,4,Graduate
0,19,2,5,5,4,Enrolled
0,18,5,6,6,4,Dropout
0,20,7,8,7,8,Graduate
0,20,6,6,6,6,Graduate
0,18,5,6,6,3,Dropout
0,20,6,8,7,7,Graduate
0,18,6,6,6,6,Graduate
0,19,0,8,7,0,Dropout
0,18,7,8,7,8,Graduate
0,20,11,9,11,9,Graduate
0,18,7,8,7,8,Graduate
0,19,5,5,5,5,Graduate
0,19,5,6,6,5,Graduate
0,19,3,5,5,5,Graduate
0,18,6,8,7,8,Graduate
0,19,4,6,6,4,Dropout
0,24,0,0,0,0,Graduate
0,18,0,0,0,0,Graduate
0,18,7,8,8,7,Graduate
0,18,6,6,6,6,Enrolled
0,19,4,6,6,3,Dropout
0,35,8,7,8,7,Graduate
0,19,4,5,5,4,Graduate
0,28,14,14,15,11,Dropout
0,21,7,8,7,8,Graduate
0,19,6,8,7,8,Graduate
0,19,6,6,6,6,Graduate
0,18,5,5,5,5,Graduate
0,18,6,6,6,6,Graduate
0,19,0,8,7,0,Dropout
0,20,6,6,6,6,Graduate
0,18,6,6,6,6,Graduate
1,19,4,7,7,6,Dropout
0,20,6,6,6,6,Dropout
0,18,6,8,7,7,Enrolled
0,18,6,6,6,5,Graduate
0,21,6,6,6,6,Graduate
0,19,6,6,6,6,Graduate
0,19,5,6,6,4,Graduate
0,19,3,5,5,4,Enrolled
0,18,6,6,6,5,Dropout
0,18,5,5,5,5,Graduate
0,18,4,5,5,5,Graduate
0,31,5,8,7,3,Dropout
0,19,2,5,5,3,Enrolled
0,20,6,6,6,6,Graduate
0,19,5,5,5,3,Dropout
0,19,6,6,6,6,Graduate
0,27,3,5,5,2,Dropout
0,18,6,6,6,6,Graduate
0,32,0,6,6,0,Dropout
0,18,7,8,8,7,Graduate
0,19,7,8,8,7,Graduate
0,19,6,6,6,6,Enrolled
0,18,2,6,6,0,Dropout
0,18,4,6,6,4,Dropout
1,24,6,6,6,6,Graduate
0,19,5,6,6,6,Graduate
1,21,0,6,6,0,Dropout
0,19,6,9,7,8,Graduate
0,19,5,7,7,5,Enrolled
0,36,6,7,7,5,Graduate
0,51,0,6,6,0,Dropout
0,20,6,6,6,4,Enrolled
1,29,0,5,6,0,Dropout
1,27,5,6,6,5,Dropout
0,33,4,5,5,3,Enrolled
0,57,12,14,15,9,Dropout
0,20,5,6,6,5,Enrolled
0,26,3,5,5,3,Dropout
1,27,0,5,5,0,Enrolled
0,19,5,5,5,4,Graduate
0,23,5,6,6,2,Dropout
0,27,5,5,5,5,Graduate
1,20,7,8,7,8,Graduate
0,19,11,11,12,11,Graduate
1,19,0,6,6,0,Dropout
0,20,5,6,6,6,Graduate
0,33,6,5,8,4,Enrolled
0,22,15,14,15,14,Graduate
0,18,3,5,5,4,Graduate
0,27,7,8,8,7,Graduate
0,27,0,5,5,0,Dropout
0,19,4,6,6,6,Graduate
0,20,5,6,6,5,Enrolled
0,23,6,6,6,6,Graduate
0,22,20,23,23,20,Graduate
0,18,1,6,6,0,Dropout
0,18,6,6,6,6,Graduate
0,31,6,6,6,6,Graduate
0,19,4,6,6,0,Dropout
0,19,5,6,6,6,Enrolled
0,24,1,6,6,0,Dropout
0,19,7,8,7,8,Graduate
0,19,5,5,5,5,Graduate
0,26,3,6,6,4,Dropout
1,27,0,0,0,0,Dropout
0,19,6,6,6,6,Graduate
0,29,5,5,5,5,Dropout
0,18,8,8,8,8,Graduate
0,19,7,8,7,8,Graduate
0,18,6,6,6,6,Enrolled
0,18,5,5,5,5,Graduate
0,19,0,0,0,0,Dropout
0,19,7,8,7,8,Graduate
0,19,6,6,6,6,Dropout
0,19,5,6,6,5,Enrolled
0,19,6,6,6,6,Graduate
0,19,6,6,6,6,Graduate
1,18,0,8,7,0,Dropout
0,20,6,6,6,6,Graduate
0,20,5,6,6,4,Graduate
0,21,3,5,5,3,Enrolled
0,31,5,10,10,6,Dropout
0,20,7,8,7,8,Graduate
0,19,3,5,5,4,Enrolled
0,18,6,7,7,6,Graduate
0,19,7,8,7,8,Graduate
0,30,15,13,16,13,Graduate
0,21,6,6,6,3,Enrolled
0,19,5,5,5,5,Graduate
1,22,5,5,5,5,Graduate
0,18,6,6,6,6,Graduate
0,18,6,6,6,5,Graduate
0,19,7,8,8,7,Graduate
0,18,6,6,6,6,Graduate
0,21,6,8,7,8,Enrolled
0,18,7,8,7,5,Enrolled
0,20,0,0,0,0,Graduate
0,18,4,5,5,4,Graduate
0,25,6,6,6,6,Graduate
0,19,6,6,6,6,Graduate
0,19,5,6,6,4,Enrolled
0,26,6,6,6,6,Graduate
0,21,4,5,5,5,Graduate
0,19,1,5,5,0,Dropout
0,19,7,8,8,7,Graduate
0,18,6,6,6,6,Graduate
0,32,7,10,10,8,Graduate
0,18,6,6,6,6,Graduate
0,20,5,7,7,6,Enrolled
0,20,5,5,5,4,Enrolled
1,39,5,5,5,4,Graduate
0,20,4,5,5,2,Enrolled
1,18,0,0,0,0,Dropout
1,18,6,6,6,6,Graduate
0,21,12,11,12,11,Graduate
0,18,6,7,7,6,Enrolled
0,18,2,5,5,3,Enrolled
0,21,9,12,14,8,Graduate
0,22,3,5,5,2,Dropout
0,21,6,6,6,3,Enrolled
0,20,3,6,6,2,Enrolled
0,21,0,0,0,0,Graduate
0,20,6,6,6,5,Graduate
0,19,7,8,8,7,Graduate
0,20,6,6,6,6,Graduate
0,19,5,5,5,5,Graduate
0,18,5,5,5,4,Graduate
0,18,2,6,6,1,Dropout
0,24,3,5,5,3,Dropout
1,21,6,6,6,6,Dropout
0,18,7,8,7,4,Graduate
0,20,4,5,5,5,Graduate
1,20,5,6,6,4,Dropout
1,18,5,6,6,4,Dropout
0,25,5,7,7,6,Graduate
0,19,5,6,6,6,Enrolled
1,35,0,7,7,0,Dropout
0,19,6,8,7,8,Graduate
0,18,6,6,6,6,Dropout
0,19,7,8,8,7,Graduate
0,19,5,7,7,5,Enrolled
0,18,6,6,6,6,Graduate
1,24,5,6,6,3,Dropout
0,25,11,10,14,8,Graduate
0,28,4,5,5,4,Enrolled
0,19,6,6,6,5,Graduate
0,19,0,5,5,0,Dropout
0,30,0,5,5,0,Dropout
0,19,0,7,7,0,Dropout
0,21,1,5,5,0,Dropout
0,19,0,0,0,0,Dropout
0,29,0,6,6,0,Dropout
0,18,4,6,6,4,Dropout
0,21,3,5,5,3,Enrolled
0,20,7,7,7,4,Dropout
1,24,7,10,10,9,Enrolled
0,18,0,6,6,0,Dropout
0,23,5,6,6,5,Enrolled
0,19,5,5,5,3,Graduate
0,35,0,6,6,0,Dropout
0,20,7,8,8,7,Graduate
0,33,0,5,6,0,Dropout
0,18,6,6,6,6,Graduate
0,20,6,6,6,3,Enrolled
0,19,4,6,6,3,Dropout
0,18,6,6,6,0,Dropout
0,28,0,5,5,0,Dropout
0,18,5,5,5,5,Graduate
1,25,6,6,6,6,Dropout
1,19,4,6,6,5,Dropout
0,18,5,6,6,4,Graduate
0,29,6,6,6,6,Graduate
0,18,0,0,0,0,Enrolled
0,20,6,6,6,6,Graduate
0,20,0,6,6,0,Dropout
0,18,6,6,6,6,Graduate
0,21,6,6,6,6,Graduate
0,18,5,6,6,2,Dropout
0,20,3,5,5,4,Graduate
0,23,9,11,13,7,Enrolled
0,26,0,5,1,0,Dropout
1,19,1,5,5,0,Dropout
1,24,5,8,7,5,Dropout
0,20,6,6,6,6,Graduate
1,26,0,5,5,0,Dropout
0,31,1,5,5,4,Dropout
0,27,8,8,8,8,Graduate
1,24,6,6,6,6,Graduate
0,23,4,6,6,4,Enrolled
0,20,7,8,7,8,Graduate
0,20,6,8,7,6,Graduate
0,24,7,8,8,7,Graduate
0,39,4,5,5,4,Enrolled
0,18,4,6,6,5,Graduate
0,20,0,6,6,0,Dropout
0,18,7,8,7,8,Graduate
0,19,7,8,7,8,Graduate
0,18,5,5,5,5,Graduate
0,22,3,5,5,4,Enrolled
0,18,7,8,7,8,Graduate
0,18,6,6,6,6,Graduate
0,30,3,5,5,5,Enrolled
0,34,14,13,16,11,Graduate
0,38,3,6,6,1,Dropout
0,19,8,8,8,8,Graduate
0,19,5,6,6,3,Dropout
0,21,6,6,6,6,Dropout
0,18,6,6,6,6,Graduate
0,20,6,6,6,6,Graduate
0,18,5,5,5,5,Graduate
0,18,6,6,6,6,Graduate
0,36,1,7,7,0,Dropout
0,18,4,5,5,4,Graduate
0,21,0,5,5,0,Dropout
1,21,3,6,6,1,Dropout
0,18,6,6,6,6,Graduate
0,18,4,5,5,4,Graduate
0,19,6,7,7,6,Graduate
1,29,5,6,6,6,Graduate
0,20,7,5,7,5,Graduate
0,18,6,7,7,6,Graduate
0,19,4,5,5,5,Graduate
0,19,5,5,5,5,Graduate
1,37,0,5,6,0,Dropout
0,18,4,5,5,5,Graduate
0,21,5,6,6,1,Dropout
0,19,6,6,6,6,Graduate
0,19,5,5,5,5,Graduate
0,35,3,5,5,5,Enrolled
0,30,0,8,7,0,Dropout
0,27,7,7,8,5,Dropout
0,45,4,6,6,2,Dropout
0,50,8,7,9,7,Graduate
0,41,11,10,14,10,Graduate
0,26,6,7,7,6,Enrolled
0,44,1,6,6,0,Dropout
0,23,13,10,15,7,Graduate
0,34,10,10,12,5,Dropout
0,21,5,5,5,5,Graduate
0,22,1,5,5,2,Dropout
0,32,2,6,6,6,Graduate
0,20,7,8,7,8,Graduate
0,59,12,8,15,8,Dropout
0,30,9,9,11,9,Enrolled
0,18,6,6,6,6,Graduate
1,25,4,5,5,4,Enrolled
0,36,5,5,5,5,Graduate
0,36,1,7,7,0,Dropout
0,19,4,6,6,3,Dropout
0,25,4,5,5,5,Graduate
0,35,18,13,18,13,Graduate
0,20,1,6,6,0,Dropout
0,35,1,6,6,0,Dropout
0,27,2,6,6,1,Dropout
0,18,7,8,8,7,Enrolled
0,23,6,7,7,6,Enrolled
0,19,4,6,6,4,Graduate
0,18,5,7,7,6,Enrolled
1,26,4,7,7,5,Dropout
0,19,6,6,6,6,Graduate
0,19,0,8,7,0,Dropout
0,18,0,0,0,0,Dropout
0,19,7,8,7,8,Graduate
0,19,7,8,7,8,Graduate
0,19,5,5,5,5,Graduate
0,21,6,6,6,6,Graduate
0,18,6,6,6,6,Graduate
0,33,10,11,12,11,Graduate
0,32,11,11,11,7,Graduate
0,17,8,8,8,8,Graduate
0,31,0,8,7,0,Dropout
0,32,6,6,6,5,Graduate
0,18,6,6,6,6,Dropout
1,31,5,6,6,6,Enrolled
0,20,6,6,6,5,Enrolled
0,40,0,5,5,0,Dropout
0,32,5,5,5,5,Graduate
0,40,1,5,5,2,Dropout
0,18,0,0,0,0,Graduate
1,28,4,6,9,1,Dropout
1,19,5,6,6,6,Graduate
0,19,6,6,6,3,Graduate
0,21,0,5,5,0,Dropout
0,22,2,5,5,0,Dropout
0,18,5,5,5,5,Dropout
0,27,0,0,0,0,Dropout
0,19,5,7,10,2,Enrolled
0,30,9,10,10,8,Graduate
0,28,0,6,6,1,Dropout
1,34,1,5,5,2,Enrolled
0,21,5,5,5,3,Enrolled
0,20,5,6,6,6,Graduate
0,31,5,7,8,5,Dropout
1,21,2,5,5,2,Dropout
0,27,1,5,5,3,Dropout
0,19,4,6,6,5,Graduate
0,21,0,6,6,1,Enrolled
0,21,2,6,6,0,Dropout
0,35,7,9,10,4,Dropout
0,28,3,5,5,3,Dropout
0,24,4,6,6,4,Enrolled
0,19,0,6,4,0,Dropout
1,20,5,6,6,4,Enrolled
0,20,6,6,6,6,Graduate
0,19,1,5,5,2,Enrolled
1,37,5,7,7,3,Dropout
0,19,2,6,6,1,Dropout
0,36,0,7,7,0,Dropout
0,29,0,5,5,0,Dropout
0,30,6,6,6,5,Graduate
1,32,2,6,6,0,Dropout
0,26,6,6,6,6,Enrolled
0,37,1,6,6,2,Dropout
0,27,3,6,6,2,Dropout
0,18,6,6,6,5,Graduate
0,18,8,8,8,8,Graduate
0,32,2,7,8,0,Dropout
0,20,1,5,5,3,Enrolled
0,22,0,6,6,0,Dropout
0,32,0,8,7,0,Dropout
0,21,4,5,5,5,Enrolled
0,19,3,6,6,5,Dropout
0,18,6,6,6,6,Graduate
0,18,5,5,5,5,Graduate
1,38,0,5,5,0,Dropout
0,21,5,6,6,4,Dropout
0,21,2,6,6,1,Dropout
0,26,2,5,5,3,Enrolled
0,19,6,7,7,6,Graduate
0,19,7,8,8,7,Enrolled
1,18,4,6,6,3,Dropout
0,25,0,5,5,0,Dropout
0,19,7,14,14,7,Graduate
0,18,6,6,6,6,Graduate
0,19,5,5,5,5,Graduate
0,22,6,6,6,6,Graduate
0,21,6,6,6,6,Graduate
0,21,6,6,6,6,Graduate
0,20,7,7,7,7,Graduate
0,19,4,5,5,3,Enrolled
0,18,6,7,7,6,Graduate
0,26,3,7,7,3,Dropout
0,31,13,14,15,11,Dropout
0,18,6,6,6,6,Graduate
0,35,0,5,5,0,Dropout
0,19,2,5,5,3,Enrolled
0,19,5,6,6,6,Graduate
0,18,7,8,7,8,Graduate
0,20,6,6,6,6,Graduate
0,19,12,11,12,11,Graduate
0,21,2,6,6,5,Enrolled
1,18,7,7,7,7,Graduate
0,23,8,8,8,8,Graduate
0,21,5,6,6,6,Graduate
0,19,5,5,5,5,Graduate
0,19,4,5,5,3,Enrolled
0,20,11,9,11,9,Graduate
0,18,0,5,5,4,Enrolled
0,18,8,8,8,8,Graduate
0,19,6,7,7,6,Graduate
0,21,6,6,6,6,Graduate
0,18,6,6,6,6,Graduate
0,20,6,6,6,5,Enrolled
0,18,5,6,6,6,Graduate
0,18,7,8,7,8,Graduate
0,32,5,5,5,4,Enrolled
0,18,0,0,0,0,Graduate
0,19,5,6,6,5,Enrolled
0,18,8,8,8,8,Graduate
0,18,0,8,8,0,Dropout
0,20,6,6,6,6,Graduate
0,19,6,6,6,4,Enrolled
0,19,7,8,8,7,Graduate
0,18,1,5,5,0,Enrolled
0,18,0,8,7,0,Dropout
0,18,6,8,7,7,Graduate
0,20,6,8,7,6,Enrolled
0,19,6,6,6,6,Enrolled
0,21,2,6,6,0,Dropout
0,19,7,7,7,7,Graduate
0,20,6,6,6,6,Graduate
0,21,8,8,8,8,Graduate
0,23,0,6,6,0,Dropout
0,18,6,6,6,2,Dropout
0,30,5,5,5,5,Dropout
0,20,0,5,5,0,Dropout
0,29,3,5,5,0,Dropout
0,24,5,5,5,2,Enrolled
0,20,6,6,6,6,Graduate
0,27,4,6,6,6,Dropout
0,23,0,5,5,0,Dropout
0,23,6,6,6,6,Graduate
0,18,7,8,8,7,Graduate
0,19,6,6,6,6,Graduate
0,19,7,8,7,8,Dropout
0,18,6,6,6,6,Dropout
0,19,6,6,6,6,Graduate
0,18,6,6,6,6,Graduate
0,29,8,12,13,9,Enrolled
0,24,6,8,7,8,Graduate
0,19,2,7,7,2,Dropout
0,19,6,7,7,7,Enrolled
0,19,3,6,6,5,Enrolled
0,20,6,6,6,5,Graduate
0,18,6,6,6,6,Graduate
0,18,6,6,6,4,Dropout
0,19,7,8,7,7,Graduate
0,19,6,6,6,6,Dropout
0,18,0,0,0,0,Graduate
0,19,6,6,6,6,Graduate
0,18,7,8,7,8,Graduate
0,24,5,5,5,5,Enrolled
1,28,4,7,7,5,Enrolled
0,20,7,8,8,7,Graduate
0,19,7,8,8,7,Graduate
0,22,2,5,5,1,Dropout
0,19,6,6,6,6,Graduate
0,36,13,11,14,11,Graduate
0,19,6,6,6,6,Graduate
0,18,5,6,6,6,Graduate
0,40,0,5,5,0,Dropout
0,19,6,7,7,6,Graduate
0,38,5,8,8,5,Enrolled
0,32,4,9,10,3,Dropout
0,19,3,6,6,5,Enrolled
0,19,6,6,6,6,Graduate
0,35,0,5,1,0,Dropout
0,20,4,4,5,2,Enrolled
0,29,7,8,8,8,Graduate
0,29,5,5,5,4,Enrolled
0,19,7,8,8,7,Enrolled
0,18,7,8,8,7,Graduate
1,25,6,6,6,6,Graduate
1,50,0,5,6,0,Dropout
0,24,14,14,15,13,Dropout
0,18,0,5,5,0,Dropout
0,20,6,6,6,5,Graduate
1,20,18,13,18,13,Graduate
0,21,6,10,10,5,Dropout
1,28,7,6,8,1,Enrolled
0,19,6,6,6,6,Graduate
0,18,8,8,8,8,Graduate
0,22,0,0,0,0,Graduate
0,25,0,6,6,0,Dropout
0,37,5,7,7,5,Dropout
0,38,5,7,7,4,Dropout
0,36,3,6,6,5,Dropout
0,18,7,8,8,7,Graduate
0,19,0,6,5,0,Dropout
1,24,2,5,5,3,Dropout
0,20,5,6,6,5,Graduate
0,21,0,0,0,0,Dropout
0,32,0,5,5,0,Dropout
0,39,0,5,5,1,Dropout
0,33,0,5,5,0,Dropout
0,20,5,5,5,4,Graduate
0,19,6,6,6,6,Graduate
0,43,2,5,5,3,Dropout
0,49,4,5,5,4,Dropout
0,18,6,6,6,6,Graduate
0,27,0,6,6,0,Enrolled
0,19,5,5,5,5,Dropout
1,45,6,6,6,0,Dropout
0,19,6,6,6,6,Graduate
0,21,6,6,6,4,Graduate
0,18,6,6,6,5,Graduate
0,18,0,5,5,0,Dropout
0,29,0,6,6,0,Dropout
0,19,5,5,5,5,Graduate
0,18,4,5,5,4,Enrolled
0,22,7,9,7,8,Graduate
0,18,7,8,7,8,Dropout
0,20,5,6,6,2,Enrolled
0,20,0,0,0,0,Dropout
1,29,1,6,6,0,Dropout
0,29,3,5,5,4,Dropout
0,23,1,6,6,4,Enrolled
1,19,0,0,0,0,Dropout
0,18,0,5,5,1,Dropout
0,22,4,6,6,2,Dropout
1,34,7,10,10,6,Dropout
0,26,5,5,5,5,Graduate
0,24,13,17,17,12,Dropout
0,17,6,6,6,6,Graduate
0,21,2,5,5,3,Enrolled
0,34,5,5,5,5,Enrolled
0,19,6,6,6,6,Graduate
1,49,5,7,12,5,Dropout
0,23,5,7,7,6,Dropout
0,18,4,5,5,3,Dropout
0,20,5,8,7,7,Enrolled
0,19,6,6,6,5,Graduate
0,24,8,10,9,9,Enrolled
0,18,5,5,5,5,Graduate
1,45,0,6,6,0,Dropout
0,30,2,5,5,0,Dropout
0,28,13,13,15,9,Dropout
0,40,0,5,5,0,Dropout
0,32,0,5,5,0,Dropout
0,19,4,6,6,4,Dropout
0,20,6,6,6,6,Graduate
0,18,1,5,5,0,Dropout
0,20,6,6,6,2,Dropout
0,39,4,5,5,4,Enrolled
0,19,5,6,6,5,Enrolled
0,38,2,5,5,3,Enrolled
0,18,6,7,7,6,Graduate
0,18,7,8,7,8,Graduate
0,28,0,5,5,0,Dropout
0,31,0,6,6,0,Dropout
0,23,6,7,7,6,Graduate
0,21,6,8,7,5,Enrolled
1,33,0,5,6,0,Dropout
0,22,3,5,5,3,Dropout
1,20,5,5,5,5,Dropout
1,19,6,6,6,5,Enrolled
0,20,6,6,6,6,Graduate
0,25,6,6,6,4,Enrolled
0,25,0,6,6,0,Dropout
0,19,6,6,6,6,Enrolled
0,20,5,5,5,4,Graduate
0,33,5,7,7,0,Enrolled
0,19,6,6,6,6,Graduate
0,31,0,5,5,0,Dropout
1,24,2,7,6,2,Dropout
1,23,0,5,5,0,Dropout
0,26,3,5,5,3,Dropout
0,38,18,18,18,18,Graduate
0,20,5,5,5,5,Graduate
0,20,3,5,5,5,Graduate
0,25,0,6,6,0,Dropout
0,19,5,6,6,4,Graduate
0,18,5,5,5,5,Graduate
0,28,7,11,13,5,Dropout
0,18,0,5,5,0,Enrolled
0,20,6,6,6,6,Graduate
0,18,6,6,6,6,Graduate
0,19,5,5,5,4,Graduate
1,24,2,8,8,2,Dropout
0,21,0,6,6,0,Dropout
0,20,6,6,6,6,Graduate
0,21,5,6,6,5,Graduate
1,24,7,8,7,7,Graduate
0,27,0,5,5,0,Dropout
1,19,4,5,5,5,Enrolled
0,39,9,7,9,7,Graduate
0,25,2,7,7,2,Dropout
0,18,0,0,0,0,Dropout
0,19,12,12,12,12,Graduate
0,21,5,6,6,4,Graduate
0,27,0,5,5,0,Dropout
0,19,0,5,5,0,Enrolled
0,18,7,8,8,7,Enrolled
0,27,9,11,12,6,Dropout
1,18,6,6,6,5,Dropout
0,19,2,5,5,5,Enrolled
0,19,3,6,6,1,Dropout
0,22,3,6,6,3,Enrolled
0,18,6,6,6,6,Graduate
0,18,6,6,6,5,Graduate
0,23,11,6,11,6,Dropout
1,20,0,0,0,0,Dropout
0,18,6,6,6,6,Graduate
0,18,6,6,6,6,Graduate
0,18,5,5,5,3,Enrolled
0,20,6,6,6,6,Graduate
0,20,5,6,6,3,Graduate
0,21,5,9,7,5,Dropout
0,22,0,0,0,0,Enrolled
0,20,5,5,5,5,Dropout
1,19,0,0,0,0,Enrolled
0,19,2,5,5,3,Enrolled
0,20,6,6,6,6,Graduate
0,19,4,6,6,2,Dropout
0,19,3,6,5,2,Dropout
1,24,7,6,8,6,Enrolled
1,18,3,6,6,4,Dropout
0,18,5,5,5,5,Enrolled
1,18,5,6,6,5,Dropout
0,18,6,6,6,6,Graduate
0,21,6,6,6,6,Graduate
0,18,4,6,6,5,Dropout
0,18,7,8,7,8,Graduate
0,18,6,6,6,6,Graduate
0,23,4,6,6,0,Dropout
0,21,3,5,5,4,Graduate
0,20,1,6,6,1,Enrolled
0,26,7,6,7,2,Dropout
0,18,6,6,6,5,Enrolled
0,18,0,0,0,0,Dropout
0,19,6,6,6,6,Graduate
0,20,6,8,7,7,Graduate
1,19,6,6,6,2,Dropout
1,21,3,6,6,2,Enrolled
0,33,9,9,10,7,Graduate
0,18,4,5,5,4,Graduate
0,21,18,21,21,18,Graduate
0,19,6,6,6,6,Graduate
1,33,7,7,7,6,Enrolled
0,18,7,8,7,8,Graduate
0,18,6,6,6,6,Graduate
0,20,6,6,6,6,Graduate
0,20,0,6,6,0,Dropout
0,20,6,6,6,5,Graduate
0,19,4,5,5,5,Graduate
0,19,6,6,6,6,Graduate
0,21,6,6,6,6,Graduate
0,26,3,6,6,4,Enrolled
0,21,0,6,6,0,Dropout
0,18,7,8,8,7,Graduate
0,27,6,7,7,1,Dropout
0,20,12,12,12,11,Graduate
0,21,5,6,6,4,Enrolled
0,18,7,8,7,8,Graduate
0,20,6,6,6,5,Enrolled
0,18,6,6,6,6,Graduate
0,20,6,6,6,6,Graduate
0,19,3,5,5,3,Graduate
0,20,6,8,7,7,Graduate
0,20,5,5,5,5,Graduate
0,20,2,5,5,4,Enrolled
1,19,0,5,6,0,Dropout
0,18,6,6,6,6,Graduate
0,18,3,5,5,5,Graduate
0,19,6,8,7,7,Graduate
0,19,6,8,7,7,Dropout
0,43,6,6,6,5,Enrolled
0,47,8,7,10,5,Dropout
0,23,0,2,3,0,Dropout
1,19,6,6,6,6,Graduate
0,20,6,8,8,6,Graduate
0,19,12,11,12,11,Graduate
0,19,6,6,6,6,Graduate
0,19,6,6,6,6,Graduate
1,39,6,6,6,4,Graduate
0,20,6,6,6,6,Graduate
0,21,6,6,6,6,Graduate
1,22,9,10,11,4,Graduate
0,19,1,5,6,0,Dropout
0,22,6,6,6,6,Graduate
0,19,6,6,6,6,Graduate
1,18,0,0,0,0,Dropout
0,26,5,5,5,5,Enrolled
0,36,0,5,5,0,Dropout
1,20,0,0,0,0,Graduate
0,30,2,5,5,4,Dropout
0,24,6,6,6,6,Dropout
0,26,11,14,15,11,Dropout
0,19,1,5,5,0,Dropout
0,34,5,6,6,4,Graduate
0,33,1,5,5,3,Enrolled
0,19,5,5,5,4,Graduate
1,26,1,5,5,1,Dropout
0,29,1,6,6,0,Dropout
0,19,5,5,5,2,Dropout
0,18,0,0,0,0,Dropout
0,29,2,5,5,1,Dropout
0,21,6,6,6,5,Graduate
0,19,5,6,6,2,Enrolled
0,20,5,8,7,7,Graduate
0,18,0,5,5,0,Dropout
0,18,6,6,6,5,Enrolled
1,21,5,5,5,3,Enrolled
0,20,0,5,5,0,Dropout
0,30,0,5,5,0,Dropout
0,19,6,6,6,6,Graduate
0,30,5,5,5,4,Dropout
0,22,5,5,5,4,Graduate
0,22,0,0,0,0,Graduate
1,19,6,6,6,5,Dropout
0,21,3,5,5,4,Dropout
0,21,4,5,5,5,Graduate
1,21,0,0,0,0,Dropout
0,27,3,5,5,3,Dropout
0,32,0,7,7,0,Dropout
1,40,0,6,6,0,Dropout
0,20,2,5,5,2,Enrolled
0,20,2,5,5,2,Dropout
0,18,0,0,0,0,Graduate
0,21,2,5,5,0,Dropout
0,18,6,6,6,0,Dropout
0,19,1,6,6,0,Enrolled
0,30,1,6,6,0,Dropout
0,29,0,6,6,0,Dropout
1,18,1,5,5,3,Dropout
0,18,4,5,5,5,Dropout
0,22,5,7,10,6,Dropout
0,27,0,5,5,0,Dropout
0,20,4,6,6,5,Graduate
0,42,11,11,12,10,Graduate
1,21,12,12,12,12,Graduate
0,23,6,8,7,7,Graduate
0,21,5,12,12,4,Dropout
0,19,0,0,0,0,Graduate
0,40,6,6,6,4,Dropout
0,22,5,9,9,7,Dropout
0,19,6,7,7,6,Graduate
0,24,5,5,5,4,Enrolled
0,21,5,6,6,2,Enrolled
0,18,5,5,5,5,Graduate
0,18,0,5,5,2,Dropout
0,24,5,6,6,5,Dropout
0,28,3,5,5,5,Enrolled
0,19,5,6,6,6,Graduate
0,28,6,6,6,4,Enrolled
0,18,0,6,6,0,Dropout
0,19,0,0,0,0,Graduate
0,19,8,8,8,8,Graduate
0,21,0,5,5,4,Graduate
1,18,0,8,7,0,Dropout
0,19,6,6,6,6,Graduate
0,19,7,8,8,7,Graduate
0,20,10,12,12,12,Graduate
0,18,6,6,6,5,Graduate
0,20,6,7,7,6,Graduate
0,26,1,5,5,0,Dropout
0,18,7,8,7,8,Dropout
0,58,5,6,6,5,Graduate
0,18,7,8,7,8,Graduate
0,20,5,6,6,4,Enrolled
0,20,0,5,5,0,Dropout
0,29,13,14,15,14,Graduate
1,27,0,5,6,0,Dropout
0,21,6,6,6,6,Graduate
0,20,6,6,6,6,Graduate
0,19,6,6,6,5,Graduate
0,22,6,8,7,6,Graduate
0,19,6,6,6,6,Graduate
1,19,3,6,6,0,Dropout
0,23,5,6,6,5,Enrolled
0,18,6,6,6,5,Dropout
0,19,0,6,6,0,Dropout
0,20,5,6,6,5,Graduate
0,19,6,6,6,6,Graduate
1,26,0,6,6,0,Dropout
0,18,6,6,6,6,Graduate
1,29,4,5,5,2,Dropout
0,20,6,6,6,6,Graduate
0,19,6,6,6,6,Graduate
0,23,4,6,6,2,Enrolled
0,25,3,8,7,3,Enrolled
0,18,7,8,8,7,Graduate
0,19,6,6,6,6,Graduate
0,18,7,7,7,7,Graduate
0,19,5,7,7,6,Enrolled
0,36,4,9,10,4,Dropout
0,20,3,6,6,3,Enrolled
0,20,0,0,0,0,Dropout
0,18,5,6,6,0,Dropout
0,19,5,6,6,6,Enrolled
1,20,3,6,9,2,Dropout
0,18,7,8,7,8,Graduate
1,20,4,6,6,3,Dropout
1,24,0,5,5,0,Dropout
0,19,0,6,6,0,Dropout
0,18,1,5,5,2,Dropout
0,18,5,5,5,5,Graduate
0,18,6,6,6,5,Graduate
0,22,0,6,6,0,Dropout
0,19,6,6,6,6,Graduate
1,32,0,6,6,0,Dropout
0,21,0,6,6,0,Dropout
0,19,7,8,8,7,Graduate
0,39,9,7,9,7,Graduate
0,30,9,7,9,7,Graduate
0,18,4,5,5,2,Dropout
0,38,4,10,10,2,Dropout
0,20,6,6,6,6,Graduate
0,55,6,6,6,6,Graduate
0,53,17,18,18,16,Dropout
0,54,4,6,6,5,Dropout
0,18,5,7,7,5,Enrolled
1,44,4,7,8,4,Dropout
0,28,9,11,11,9,Graduate
0,37,14,11,14,11,Graduate
0,20,9,7,10,7,Graduate
0,18,7,8,7,7,Enrolled
0,19,4,6,6,3,Dropout
0,23,18,13,18,13,Graduate
0,22,0,6,6,0,Dropout
0,24,0,6,6,0,Dropout
0,22,5,6,6,2,Enrolled
0,26,0,6,6,0,Dropout
0,18,6,6,6,6,Graduate
0,24,4,6,6,2,Dropout
0,18,0,5,5,1,Enrolled
0,26,0,0,0,0,Dropout
0,27,3,6,6,3,Dropout
0,20,5,6,6,5,Graduate
0,19,0,5,5,1,Dropout
0,18,6,6,6,4,Dropout
0,18,7,8,8,7,Graduate
0,19,5,6,6,5,Enrolled
0,34,7,12,12,7,Enrolled
0,19,0,6,6,0,Dropout
0,19,4,6,6,6,Graduate
0,30,3,12,12,5,Dropout
0,22,0,5,4,3,Dropout
0,19,4,5,5,3,Dropout
0,21,1,5,5,1,Dropout
0,22,0,0,0,0,Dropout
0,19,6,6,6,3,Enrolled
0,20,4,6,6,3,Enrolled
0,35,3,6,6,0,Dropout
0,20,1,5,5,1,Dropout
0,21,3,5,5,5,Graduate
1,27,0,5,5,0,Dropout
0,26,3,6,6,0,Dropout
0,20,0,5,6,0,Dropout
1,28,8,8,10,5,Dropout
0,19,6,6,6,6,Graduate
0,47,0,5,5,0,Dropout
0,55,5,6,6,5,Dropout
0,39,0,6,6,2,Dropout
1,35,14,12,17,12,Dropout
0,32,2,6,6,0,Dropout
0,20,6,6,6,6,Graduate
0,36,6,6,6,5,Graduate
1,34,5,5,5,5,Graduate
0,21,0,5,5,0,Dropout
0,42,1,5,5,1,Dropout
0,25,1,6,6,4,Dropout
0,18,1,6,6,0,Dropout
0,18,5,6,6,6,Graduate
0,19,6,6,6,6,Graduate
1,34,3,6,6,2,Dropout
0,20,2,6,6,0,Dropout
0,20,0,7,7,0,Dropout
0,21,7,8,8,7,Graduate
0,19,6,6,6,4,Graduate
1,31,4,5,5,3,Dropout
0,21,6,6,6,5,Graduate
0,20,5,5,5,5,Graduate
0,22,6,7,7,6,Graduate
0,19,4,6,6,0,Dropout
1,41,0,5,5,0,Dropout
0,27,0,7,7,0,Dropout
0,19,7,8,7,7,Dropout
0,20,8,8,8,8,Graduate
0,19,6,7,7,6,Graduate
0,35,5,5,5,5,Graduate
0,22,6,6,6,6,Graduate
0,20,6,6,6,6,Graduate
1,18,4,6,6,4,Dropout
0,18,5,6,6,4,Graduate
0,30,7,8,8,7,Graduate
1,18,6,6,6,6,Graduate
0,20,6,6,6,5,Enrolled
0,19,4,6,6,4,Enrolled
0,19,5,5,5,5,Graduate
0,21,7,8,7,8,Graduate
1,21,7,7,7,6,Enrolled
0,18,6,6,6,6,Enrolled
0,18,4,5,5,4,Graduate
0,35,1,5,5,2,Dropout
0,21,4,7,7,5,Enrolled
0,18,6,7,7,6,Graduate
0,22,1,6,6,0,Enrolled
0,20,7,8,7,8,Graduate
0,34,5,6,6,5,Graduate
0,33,5,7,8,5,Enrolled
0,22,6,7,7,6,Graduate
0,20,4,6,6,3,Enrolled
0,35,4,5,5,4,Enrolled
0,39,3,5,5,3,Dropout
0,19,0,8,7,0,Dropout
0,36,6,6,6,3,Graduate
0,21,7,8,8,7,Graduate
0,22,4,6,6,3,Enrolled
1,42,6,6,6,6,Graduate
0,34,0,5,5,0,Dropout
0,20,6,6,6,5,Enrolled
0,33,6,6,6,6,Graduate
0,20,5,6,6,5,Graduate
1,19,4,5,5,4,Graduate
1,34,5,9,10,8,Dropout
0,18,5,5,5,5,Graduate
0,24,4,6,6,6,Graduate
0,18,6,6,6,6,Graduate
0,20,3,5,5,3,Enrolled
0,21,7,8,8,7,Graduate
0,19,6,6,6,3,Graduate
0,19,6,8,7,8,Graduate
0,18,4,6,6,6,Graduate
0,38,8,7,9,7,Graduate
1,21,11,11,12,9,Enrolled
0,23,1,5,5,0,Enrolled
0,19,8,8,8,8,Graduate
1,18,6,6,6,5,Dropout
0,18,0,0,0,0,Graduate
0,24,5,6,6,4,Enrolled
0,18,6,6,6,6,Graduate
0,18,6,6,6,6,Graduate
0,26,8,10,10,10,Graduate
1,19,1,5,5,2,Enrolled
0,19,0,6,6,0,Dropout
0,19,4,6,6,4,Enrolled
1,20,2,5,5,4,Dropout
0,22,4,6,6,2,Enrolled
0,19,7,8,7,8,Graduate
0,20,7,8,7,8,Graduate
0,36,3,5,5,4,Enrolled
0,29,0,6,7,0,Dropout
0,19,6,6,6,4,Graduate
1,24,0,5,5,0,Dropout
1,27,0,6,6,0,Dropout
0,18,6,6,6,6,Graduate
0,18,0,0,0,0,Graduate
0,21,0,7,7,0,Dropout
0,43,5,6,6,5,Graduate
0,18,5,5,5,5,Graduate
0,21,6,6,6,3,Dropout
0,26,0,5,5,0,Dropout
0,19,7,8,8,7,Graduate
0,18,5,5,5,5,Graduate
0,22,2,6,6,1,Dropout
0,27,0,8,7,0,Dropout
0,18,5,5,5,5,Graduate
0,19,4,5,5,4,Graduate
0,18,7,8,7,8,Graduate
0,19,6,6,6,6,Graduate
0,32,0,6,6,0,Dropout
0,23,26,17,26,17,Graduate
0,20,6,7,7,6,Graduate
1,20,12,11,12,10,Graduate
1,19,5,6,6,2,Dropout
0,18,8,8,8,8,Graduate
0,21,3,6,6,4,Dropout
0,20,0,7,7,0,Enrolled
0,22,6,6,6,3,Graduate
0,26,5,5,5,5,Graduate
0,20,6,6,6,5,Graduate
0,19,6,8,7,7,Graduate
0,31,4,5,5,5,Graduate
1,20,7,8,7,8,Graduate
0,20,4,5,5,5,Graduate
0,21,7,8,7,8,Graduate
0,18,7,8,7,8,Graduate
0,19,6,7,7,6,Graduate
0,18,7,7,7,7,Graduate
0,40,5,6,6,5,Enrolled
0,18,6,6,6,6,Graduate
0,18,6,6,6,6,Graduate
0,19,5,8,7,7,Graduate
0,19,6,6,6,6,Graduate
1,28,0,6,6,0,Dropout
0,20,6,6,6,6,Graduate
0,18,4,6,6,5,Graduate
0,18,6,7,7,6,Graduate
0,20,5,5,5,3,Graduate
1,28,13,13,16,11,Graduate
0,23,16,10,16,9,Graduate
0,19,4,7,7,2,Dropout
0,18,6,6,6,6,Graduate
1,20,6,6,6,5,Graduate
0,20,12,11,12,9,Graduate
0,27,2,5,5,0,Dropout
0,18,3,6,6,2,Dropout
0,37,7,8,7,8,Graduate
0,42,5,7,7,3,Dropout
0,20,6,8,7,8,Dropout
0,34,0,5,5,0,Dropout
0,22,0,5,5,0,Dropout
0,39,6,6,6,6,Graduate
0,18,6,7,7,6,Graduate
0,21,6,6,6,6,Graduate
0,34,0,6,6,0,Dropout
0,22,6,6,6,6,Graduate
0,31,3,6,6,0,Dropout
0,19,4,6,6,0,Dropout
0,19,0,5,5,0,Dropout
0,31,0,7,7,0,Dropout
0,19,3,5,5,3,Enrolled
0,30,0,6,6,0,Dropout
0,20,7,8,7,8,Graduate
0,18,7,8,7,8,Graduate
0,31,3,5,5,3,Dropout
0,19,3,6,6,4,Dropout
0,43,0,5,6,0,Dropout
0,20,6,6,6,6,Graduate
0,19,8,8,8,8,Graduate
0,22,3,5,5,0,Dropout
0,26,7,7,8,7,Graduate
0,19,5,5,5,5,Graduate
0,29,6,8,8,6,Dropout
0,20,0,7,7,2,Enrolled
0,38,5,5,5,5,Enrolled
0,41,12,12,12,9,Graduate
0,19,6,8,8,6,Dropout
1,19,6,6,6,6,Graduate
0,43,3,7,7,0,Dropout
0,19,5,5,5,5,Graduate
0,19,12,11,12,10,Enrolled
0,18,8,8,8,8,Graduate
0,19,0,0,0,0,Dropout
0,38,0,6,6,0,Dropout
0,37,0,6,6,0,Dropout
0,26,6,6,6,5,Graduate
0,21,1,6,6,5,Enrolled
0,18,6,6,6,6,Graduate
0,18,7,7,7,7,Graduate
0,18,5,5,5,5,Graduate
0,19,6,6,6,6,Graduate
0,18,5,6,6,6,Graduate
0,18,7,8,8,7,Enrolled
1,19,6,6,6,6,Graduate
0,19,0,8,7,0,Dropout
0,18,6,6,6,4,Graduate
0,18,7,8,8,7,Graduate
0,20,7,8,8,7,Graduate
0,22,6,8,7,7,Graduate
0,18,0,6,6,0,Dropout
0,19,6,6,6,6,Graduate
0,20,4,6,6,3,Dropout
0,19,5,6,6,6,Enrolled
0,20,6,6,6,6,Graduate
0,28,4,6,6,4,Dropout
0,19,6,6,6,3,Graduate
0,22,6,6,6,4,Enrolled
0,19,6,6,6,6,Graduate
0,18,0,6,6,0,Dropout
0,18,6,6,6,6,Graduate
0,22,4,5,5,5,Graduate
0,20,11,9,11,9,Graduate
0,24,5,5,5,5,Graduate
1,22,12,17,17,11,Enrolled
0,20,6,6,6,5,Enrolled
0,20,7,8,7,8,Graduate
0,35,0,6,6,0,Dropout
0,18,5,5,5,5,Graduate
0,19,6,6,6,6,Graduate
0,18,7,8,7,8,Graduate
0,18,4,6,6,4,Dropout
0,31,6,6,6,6,Enrolled
0,19,6,6,6,6,Graduate
0,20,7,8,7,8,Graduate
0,21,0,6,6,0,Dropout
0,18,7,8,8,7,Graduate
0,18,2,6,6,0,Dropout
0,33,5,5,5,5,Graduate
0,18,6,6,6,5,Enrolled
0,18,0,0,0,0,Dropout
1,21,2,5,5,4,Enrolled
0,19,4,6,6,4,Enrolled
0,28,5,5,5,5,Graduate
0,29,0,5,4,0,Dropout
1,36,6,6,6,3,Dropout
0,32,6,6,6,6,Graduate
0,25,7,8,8,7,Enrolled
0,33,8,10,10,9,Enrolled
0,34,3,7,7,1,Dropout
0,33,5,6,6,6,Graduate
1,29,2,5,5,3,Dropout
0,18,6,8,7,0,Dropout
0,18,6,6,6,6,Graduate
0,38,4,6,6,6,Graduate
0,19,6,7,7,6,Graduate
0,39,6,6,6,6,Graduate
0,37,12,12,14,11,Graduate
0,32,0,8,7,0,Dropout
0,18,0,6,1,0,Dropout
0,20,7,8,7,8,Enrolled
0,20,6,6,6,6,Graduate
0,23,6,6,6,6,Graduate
0,19,5,5,5,4,Enrolled
0,18,6,6,6,6,Graduate
0,19,5,5,5,5,Graduate
0,20,4,6,6,5,Graduate
0,19,6,8,8,6,Dropout
0,19,7,8,8,7,Graduate
0,18,4,6,6,5,Graduate
0,20,7,8,8,7,Graduate
0,20,7,8,7,8,Graduate
0,24,7,8,8,7,Graduate
0,24,0,7,7,0,Dropout
0,20,6,6,6,6,Graduate
0,20,6,6,6,3,Enrolled
0,18,6,6,6,6,Enrolled
0,18,7,8,8,7,Graduate
0,21,5,5,5,5,Graduate
0,18,4,6,6,5,Graduate
0,19,7,8,8,7,Graduate
0,22,6,6,6,6,Graduate
0,19,5,6,6,6,Graduate
0,18,6,7,7,6,Graduate
0,19,2,5,5,5,Enrolled
0,24,7,8,8,7,Enrolled
0,19,3,5,5,4,Enrolled
0,34,6,6,6,6,Graduate
0,19,6,10,12,6,Graduate
0,18,6,7,7,6,Graduate
0,19,7,8,7,8,Graduate
0,25,7,8,8,7,Graduate
0,21,8,12,12,8,Enrolled
0,18,5,6,6,5,Enrolled
0,18,4,6,6,6,Graduate
0,28,5,6,6,5,Graduate
0,18,7,8,8,7,Graduate
0,41,6,6,6,5,Graduate
0,18,3,6,6,4,Dropout
0,21,4,6,6,4,Graduate
1,41,0,6,6,0,Dropout
0,32,2,3,3,1,Dropout
0,29,6,6,6,6,Graduate
0,24,5,8,7,7,Enrolled
0,22,6,8,7,8,Enrolled
0,21,0,6,6,0,Dropout
0,39,4,7,7,4,Dropout
0,44,4,6,6,2,Enrolled
0,20,2,5,5,2,Enrolled
0,21,12,14,14,12,Graduate
0,18,6,6,6,6,Graduate
1,34,5,6,6,5,Graduate
0,18,5,5,5,4,Graduate
1,19,0,0,0,0,Enrolled
0,18,3,6,6,3,Dropout
0,19,5,6,6,6,Graduate
0,18,7,8,8,7,Enrolled
0,19,1,5,5,2,Dropout
0,19,6,8,7,7,Graduate
0,18,6,6,6,6,Graduate
0,23,5,6,6,6,Graduate
0,18,5,6,6,5,Enrolled
0,33,6,6,6,3,Dropout
0,19,6,6,6,6,Graduate
0,21,0,0,0,0,Dropout
0,18,7,8,7,8,Graduate
0,21,4,5,5,4,Enrolled
0,19,6,6,6,6,Graduate
0,20,4,6,6,4,Graduate
0,20,0,4,4,0,Dropout
0,20,4,6,6,3,Enrolled
0,18,0,6,6,4,Enrolled
0,18,1,5,5,1,Enrolled
0,20,7,8,7,8,Graduate
0,21,6,6,6,6,Graduate
0,19,7,8,8,7,Graduate
0,18,6,6,6,6,Graduate
1,27,6,6,6,5,Enrolled
0,21,7,8,7,7,Graduate
0,18,7,8,7,8,Graduate
1,18,4,6,6,3,Enrolled
1,28,0,5,6,0,Dropout
0,36,5,7,7,3,Dropout
0,20,5,5,5,5,Graduate
0,19,5,6,6,5,Graduate
0,20,0,5,5,0,Enrolled
0,19,3,5,5,4,Enrolled
0,28,5,6,6,6,Graduate
0,20,4,5,5,5,Graduate
0,28,12,12,14,8,Graduate
0,24,3,10,10,6,Dropout
0,20,6,6,6,4,Enrolled
0,22,4,6,6,5,Enrolled
0,18,6,6,6,4,Graduate
1,22,2,5,5,0,Dropout
0,18,6,6,6,4,Graduate
0,21,7,8,8,7,Graduate
0,19,6,6,6,6,Graduate
0,22,3,6,6,4,Enrolled
0,20,7,8,8,7,Graduate
0,20,4,5,5,5,Graduate
1,19,6,6,6,6,Graduate
0,20,0,0,0,0,Enrolled
0,20,5,6,6,6,Graduate
0,20,5,6,6,4,Dropout
0,19,6,7,7,6,Graduate
0,18,6,6,6,4,Graduate
0,18,7,8,7,8,Graduate
0,19,0,0,0,0,Dropout
0,20,5,5,5,5,Graduate
0,22,6,6,6,4,Graduate
0,18,6,6,6,6,Graduate
0,19,6,6,6,6,Graduate
0,20,5,6,6,5,Graduate
0,19,7,8,7,8,Graduate
1,18,0,0,0,0,Dropout
1,20,0,5,4,0,Dropout
0,19,6,6,6,6,Graduate
0,18,6,6,6,6,Enrolled
0,18,5,6,6,6,Graduate
0,22,2,5,5,0,Dropout
0,18,6,6,6,6,Graduate
0,20,6,6,6,6,Graduate
0,19,6,6,6,6,Graduate
0,19,6,8,7,8,Graduate
0,21,6,6,6,6,Graduate
0,19,4,6,6,6,Dropout
0,19,6,6,6,6,Graduate
0,45,5,6,6,5,Enrolled
0,28,1,5,5,0,Dropout
0,28,7,8,7,8,Graduate
1,25,4,5,5,4,Enrolled
1,19,3,6,6,4,Dropout
0,19,7,8,8,7,Graduate
0,20,3,5,5,4,Enrolled
0,22,4,6,6,3,Enrolled
0,20,6,6,6,6,Graduate
0,20,6,7,7,6,Enrolled
1,20,3,5,5,2,Dropout
0,27,6,6,6,6,Graduate
0,22,6,6,6,5,Graduate
1,19,7,8,8,7,Dropout
0,19,4,6,6,2,Dropout
0,18,6,6,6,6,Enrolled
0,19,12,11,12,10,Dropout
1,20,0,6,7,0,Dropout
0,39,12,13,15,8,Dropout
1,37,6,6,6,6,Graduate
1,30,3,7,7,3,Dropout
0,41,10,10,10,10,Graduate
0,40,5,8,8,5,Dropout
0,20,2,5,5,0,Dropout
0,28,5,5,5,5,Graduate
1,19,5,7,7,0,Dropout
0,23,3,5,5,4,Dropout
0,18,13,11,16,9,Dropout
0,24,7,8,8,7,Graduate
0,21,3,5,5,4,Enrolled
0,19,7,8,8,7,Graduate
0,19,3,6,6,2,Dropout
1,48,0,6,6,0,Dropout
0,38,9,12,12,9,Dropout
0,19,5,5,5,5,Graduate
0,30,3,5,5,1,Dropout
0,24,6,6,6,6,Graduate
0,19,6,6,6,6,Graduate
0,21,0,0,0,0,Enrolled
0,21,6,6,6,5,Graduate
0,19,4,5,5,4,Dropout
0,18,6,6,6,1,Enrolled
0,18,6,6,6,6,Graduate
0,19,5,5,5,5,Dropout
0,19,7,8,8,7,Graduate
0,18,3,5,5,3,Enrolled
0,25,6,6,6,5,Enrolled
0,18,4,5,5,3,Enrolled
0,29,1,5,5,0,Dropout
0,21,1,5,5,3,Dropout
1,18,6,6,6,6,Graduate
0,20,0,6,6,0,Dropout
0,27,1,5,5,0,Dropout
0,21,3,6,6,0,Enrolled
0,20,4,5,5,3,Dropout
1,28,1,5,5,0,Dropout
0,24,6,7,7,7,Enrolled
0,22,4,5,5,3,Enrolled
0,20,5,5,5,4,Graduate
0,21,3,5,5,5,Graduate
1,23,2,6,6,2,Dropout
0,18,5,6,6,6,Graduate
0,20,12,13,14,11,Graduate
0,19,0,0,0,0,Graduate
0,32,7,8,7,8,Graduate
0,20,3,6,6,1,Dropout
0,32,18,13,18,12,Graduate
0,28,8,10,13,6,Enrolled
0,21,4,9,7,7,Graduate
0,19,5,6,6,6,Graduate
0,24,3,5,5,0,Dropout
0,18,1,5,5,1,Dropout
0,20,5,6,6,5,Graduate
0,25,0,0,0,0,Dropout
0,25,13,14,15,12,Dropout
0,18,5,6,6,6,Dropout
0,19,4,5,5,0,Dropout
0,18,4,5,5,5,Dropout
0,25,0,5,5,0,Dropout
0,38,0,0,0,0,Dropout
0,19,0,0,0,0,Dropout
0,19,6,6,6,5,Graduate
0,22,6,6,6,6,Graduate
0,18,0,5,5,1,Enrolled
0,32,4,5,5,2,Dropout
0,37,21,19,21,19,Graduate
0,21,0,5,5,0,Dropout
0,18,3,6,6,2,Dropout
1,19,6,6,6,6,Graduate
0,19,6,6,6,6,Graduate
0,19,12,11,12,11,Graduate
0,19,5,6,6,6,Graduate
1,21,3,5,5,4,Enrolled
0,28,4,5,5,4,Enrolled
1,19,5,6,6,4,Dropout
1,28,2,5,5,0,Dropout
0,19,7,8,8,7,Graduate
0,32,13,11,14,10,Graduate
1,26,4,6,6,5,Dropout
0,25,0,5,5,0,Dropout
0,31,6,6,7,5,Dropout
0,20,5,6,6,6,Graduate
0,19,0,6,6,0,Dropout
0,23,0,0,0,0,Dropout
0,18,5,6,6,6,Graduate
0,19,6,6,6,5,Dropout
0,18,6,6,6,6,Graduate
0,21,3,5,5,2,Enrolled
0,20,1,6,6,1,Enrolled
0,24,5,5,5,4,Graduate
0,18,3,5,5,4,Enrolled
0,25,12,14,14,12,Graduate
0,20,3,5,5,4,Graduate
0,18,7,8,8,7,Graduate
0,24,3,5,5,3,Dropout
0,18,5,7,7,6,Enrolled
1,21,5,6,6,5,Dropout
0,18,6,6,6,6,Graduate
0,20,1,6,6,0,Dropout
0,19,2,5,5,2,Dropout
0,20,7,8,7,8,Graduate
0,20,7,8,8,7,Graduate
0,20,6,6,6,5,Graduate
0,20,6,6,6,6,Graduate
0,18,6,6,6,6,Dropout
0,18,0,0,0,0,Graduate
0,30,3,5,5,4,Enrolled
0,18,5,5,5,5,Graduate
0,35,3,6,6,0,Dropout
1,31,2,6,6,3,Dropout
1,19,2,6,6,1,Dropout
0,19,6,6,6,5,Graduate
0,19,6,7,7,6,Graduate
0,19,8,8,8,8,Graduate
0,21,5,5,5,4,Graduate
0,18,2,6,6,0,Dropout
0,18,4,6,6,4,Enrolled
0,19,0,0,0,0,Graduate
0,18,6,6,6,4,Graduate
0,18,6,6,6,6,Graduate
0,25,0,5,5,0,Dropout
0,18,6,7,7,6,Enrolled
0,19,0,0,0,0,Graduate
0,18,7,8,7,8,Graduate
0,24,0,6,6,0,Dropout
0,19,2,6,6,6,Enrolled
0,29,7,8,8,7,Graduate
0,27,0,5,5,0,Dropout
0,18,7,8,7,7,Graduate
0,28,14,14,15,12,Dropout
0,32,7,8,7,8,Graduate
0,30,5,5,5,5,Dropout
0,29,4,8,8,4,Dropout
0,20,0,5,6,0,Enrolled
0,19,7,8,8,7,Graduate
0,29,6,6,6,6,Graduate
0,27,2,6,6,4,Dropout
0,19,0,6,6,0,Dropout
0,21,3,5,5,2,Dropout
0,29,4,5,5,5,Dropout
1,42,13,12,13,12,Dropout
0,18,6,6,6,6,Graduate
0,24,5,5,5,5,Graduate
0,32,7,8,7,7,Enrolled
0,18,4,5,5,5,Enrolled
0,27,3,5,5,3,Graduate
0,18,8,8,8,8,Graduate
1,19,6,6,6,5,Dropout
0,18,6,6,6,6,Graduate
0,21,5,6,6,3,Enrolled
0,26,4,5,5,4,Graduate
0,22,6,6,6,6,Graduate
1,37,4,5,5,3,Dropout
0,24,3,5,5,0,Dropout
0,18,5,6,6,6,Enrolled
0,19,6,8,7,7,Graduate
1,28,1,6,6,2,Dropout
0,18,7,8,8,7,Graduate
0,20,4,6,6,2,Enrolled
0,18,6,6,6,6,Graduate
0,47,5,6,6,6,Dropout
0,38,5,5,5,5,Graduate
0,20,6,6,6,5,Graduate
0,21,6,6,6,3,Dropout
0,19,4,6,6,5,Enrolled
0,25,5,8,10,2,Enrolled
0,18,5,5,5,5,Graduate
1,46,3,7,7,3,Dropout
0,23,12,14,14,12,Graduate
0,20,6,6,6,6,Graduate
0,20,6,9,7,7,Graduate
0,19,5,6,6,5,Graduate
1,18,6,6,6,2,Dropout
0,30,7,8,7,1,Dropout
0,20,5,5,5,5,Graduate
0,22,6,6,6,6,Graduate
